comunidad_0.8,promedio_score,miembros,contaminados_iniciales,promedio_total_pago_f29,nulos_total_pago_f29,promedio_IVA_neto,nulos_IVA_neto,promedio_n_documentos,nulos_n_documentos,promedio_lifetime,nulos_lifetime,moda_unidad_regional,frecuencia_unidad_regional
1,0.05898407948552702,661713,7997,57894053.85055715,178177,-1360387549505.361,0,1084.5218740359896,272713,3127.5800288571572,299931,SANTIAGO ORIENTE,69594
2,0.03553998915999365,380323,461,21062148.058289483,104184,2366428999076.7295,0,3614.103376921134,277389,2558.7811095606985,276408,SANTIAGO SUR,43156
3,0.03549621059505174,132172,195,34075127.4876929,77935,-9026454.552749448,0,428.6212430334395,91980,4176.734424650939,111402,7MA UNIDAD REGIONAL MAULE,23434
4,0.05232411621060656,126874,215,16809150.54790472,58530,-2286608.722882545,0,731.802948169282,95329,2716.9130699680745,85841,SANTIAGO CENTRO,12410
5,0.04254947189752392,91763,84,3474079.966103649,74416,3005060.647581269,0,1214.2671262386903,87121,3333.55677404615,87386,SANTIAGO SUR,14736
6,0.03132381398122443,84664,178,16251884.708877098,56772,-29710061.162961826,0,611.0258929485211,65122,3974.924091257936,70331,10MA UNIDAD REGIONAL LOS LAGOS,24071
7,0.04483376113278948,79145,1481,1316576.733867324,54800,-368081.6219975993,0,133.59584002705674,67318,1628.2127472527472,70045,SANTIAGO SUR,8698
8,0.029528178957451717,72192,78,37030871.72016892,42592,147714597.4048094,0,1395.5030153741611,60419,6588.153998025667,35724,SANTIAGO ORIENTE,16929
9,0.026913625097589673,64853,153,22748670.601154786,42338,-763580.2573666599,0,2467.8033022254126,56495,4351.0058768765275,47667,SANTIAGO ORIENTE,16782
10,0.031246980514955267,62340,168,22563739.030995157,29722,7115330.89202759,0,756.287839407178,44257,4769.778193283472,35064,SANTIAGO ORIENTE,11599
11,0.03677914706695955,57654,69,11121855.528884908,50955,18428120.658115655,0,2437.9867674858224,56596,3371.63470993117,55620,SANTIAGO CENTRO,6607
12,0.02865521403571619,52071,59,5215889.315438726,43968,1426966.9522574947,0,2020.6150676868747,50372,4257.8044853364,50332,SANTIAGO ORIENTE,6148
13,0.03867849545599733,51573,59,28882779.176755447,41661,-2444346.879103407,0,680.7972177635099,47835,3874.5561611374405,47353,SANTIAGO ORIENTE,17794
14,0.03301435815131947,50387,281,13527341.981767723,21921,-914908.5579018397,0,1304.0037122587032,38265,2970.0664940155384,21813,SANTIAGO ORIENTE,14861
15,0.024333007934568763,49746,38,6644478.52166444,44507,232056.50209062034,0,5747.904841402337,49147,4729.571428571428,48864,SANTIAGO ORIENTE,7789
16,0.022797653729826988,48134,48,19226044.60319553,29170,14008267.362654258,0,1261.3799946723495,40626,7799.976326248488,30773,8VA UNIDAD REGIONAL BIO BIO,7095
17,0.02682157626183231,46974,43,15230421.823857542,37652,-2312809.7282965044,0,6406.91027027027,45124,2836.0613478392265,43665,SANTIAGO SUR,6797
18,0.03572214311096236,45983,85,18146065.433658104,29048,9106573.299545484,0,1301.3984533984535,38612,5728.818673218673,31738,SANTIAGO CENTRO,5031
19,0.03717482147047358,38622,77,27590352.28486872,32033,513456370.03640413,0,2684.8810916179336,37083,4642.146054840515,35048,SANTIAGO ORIENTE,13837
20,0.024015460757654754,37825,20,8118344.65834039,30739,-8749107.930072702,0,284.163707493229,34502,3009.056627729812,33887,SANTIAGO ORIENTE,5938
21,0.06242456651557925,36759,28,10491185.483222548,17954,3591146.860850404,0,882.154980439362,33436,1888.4372628383505,28853,SANTIAGO SUR,4315
22,0.036895249156679,36064,11,11315829.967054475,17670,-4337413.457159494,0,853.5946984248943,28255,2878.78479056527,23769,SANTIAGO ORIENTE,5312
23,0.03918205933713994,36002,82,2998882.0932231965,30070,4059308184.7509584,0,1342.2523779327837,34425,4891.059907834101,33615,SANTIAGO SUR,7670
24,0.026884688899737885,30730,39,10006247.603617413,24206,-994784.0697038724,0,605.5383693045563,27394,3327.0785907859076,29254,SANTIAGO SUR,5277
25,0.031126199918721356,29947,120,24207905.87764719,12334,2026072.5689384579,0,1241.2524545900835,21799,3874.862285262206,12251,SANTIAGO ORIENTE,7778
26,0.03173039955231385,29437,122,3007762.456696716,17013,1337257.75109556,0,466.4488341968912,24805,3515.2448567229976,18549,SANTIAGO ORIENTE,5945
27,0.0361842126636248,29001,44,10080464.83206107,21010,234307.37912485778,0,822.0487904879049,24123,2451.7771626297576,24666,SANTIAGO SUR,4737
28,0.038268953734251314,28608,41,33411233.01357159,24187,7013238.759263143,0,1444.8291054739652,27110,5234.055475848876,26517,SANTIAGO SUR,3144
29,0.018275822598820827,28197,26,10372569.300081765,23305,1953547.273114161,0,331.40444893832154,26219,3081.994001713796,27030,8VA UNIDAD REGIONAL BIO BIO,6416
30,0.03807065992002437,27934,125,44107678.05511596,13274,-19818144.030285675,0,3286.063368839141,22395,4973.878948007775,11470,SANTIAGO SUR,5961
31,0.03214607363970107,27446,22,27592781.364380267,23291,-1473548.0412081906,0,848.1044247787611,25751,3600.556461731493,25852,8VA UNIDAD REGIONAL BIO BIO,3005
32,0.017863124414307294,27446,16,12224881.995311454,24460,-910753.4399183852,0,558.7009925558312,26640,3143.0175879396984,27048,SANTIAGO SUR,7585
33,0.031630313681269666,25853,78,22642294.462392934,18381,2040653.2842996945,0,1113.2605426610003,22794,5563.648909039388,22324,SANTIAGO ORIENTE,5269
34,0.02446687198016774,25793,25,24812453.98630137,23676,-857201.0490443143,0,2366.1803278688526,25488,4310.927756653992,25530,SANTIAGO ORIENTE,3423
35,0.03299928231669611,25184,16,1098858.8617801047,18499,476529.9820123888,0,2081.935563816605,24377,1775.689108910891,23164,SANTIAGO SUR,4157
36,0.025651920073433997,25107,11,6734422.536363636,19717,84452.18970804955,0,2252.5542168674697,24111,2027.8045602605864,23572,8VA UNIDAD REGIONAL BIO BIO,5067
37,0.028835146364370543,24995,34,35213633.47501622,21913,-4140664.031246249,0,834.9173228346457,24233,3867.0403645833335,24227,SANTIAGO ORIENTE,3551
38,0.07783583298812073,24578,58,27641166.500354107,18930,-5275367.158922614,0,572.2576383154418,22156,3983.0955631399315,21941,SANTIAGO SUR,3736
39,0.024102626768710986,24171,17,28284569.038690478,20811,1218390.4324603863,0,538.1643690349947,23228,3806.903546099291,23466,SANTIAGO ORIENTE,6701
40,0.021675868964094725,24032,18,12247939.817515923,20892,-696301.6130575899,0,912.4819700967458,22895,3878.0754491017965,23197,4TA UNIDAD REGIONAL COQUIMBO,12222
41,0.02672070142032349,23917,55,33651825.79262615,15970,2585701.079650458,0,2822.1177552897884,21743,4941.372290780877,14274,SANTIAGO ORIENTE,10753
42,0.026881796341673217,23292,33,31093943.69505755,15907,427817.1792890263,0,631.3611487401788,19601,5036.406845334194,20195,9NA UNIDAD REGIONAL TEMUCO,3471
43,0.02551614711279756,22565,29,17214523.57111976,17939,4103237.4976290716,0,1027.6117775354417,20731,6250.905786704926,20474,SANTIAGO SUR,2871
44,0.03069722092911774,21730,9,10476739.308178438,19040,1883337.3382880809,0,714.2949507389162,20106,4774.186965811966,19858,9NA UNIDAD REGIONAL TEMUCO,8068
45,0.052130524237711806,21311,22,28806102.940776587,12632,922662.9153488808,0,1011.7778282598819,19110,4293.279137839276,17553,SANTIAGO ORIENTE,5819
46,0.06009001644586466,20278,8,4900659.662193699,18564,696490.461238781,0,984.3470588235294,19938,2809.962962962963,20008,SANTIAGO SUR,2043
47,0.05646191217356269,19944,11,2994631.3665620093,17396,-435916.5597673486,0,1008.8102766798419,18932,3005.477876106195,19831,5TA UNIDAD REGIONAL VALPARAISO,2340
48,0.03217940785950683,19806,16,24851687.404955085,12904,9811346.700444309,0,1378.7731888964117,16852,6402.465396188566,14821,10MA UNIDAD REGIONAL LOS LAGOS,8282
49,0.06668209213183171,18576,17,12912743.999904104,8148,-2898712.6607988803,0,602.4603566009105,13304,2120.489439275836,10622,SANTIAGO ORIENTE,3761
50,0.026812956405359335,18311,16,48258349.87074978,9135,26736220.501447216,0,896.8601924233313,11659,3954.48240616622,12343,12MA UNIDAD REGIONAL MAGALLANES,10420
51,0.021086504460764717,17944,13,8782162.992363762,15063,3086129.9093847526,0,283.2671232876712,16922,3210.3796445880453,17325,SANTIAGO SUR,5112
52,0.028778504535137764,17180,10,10253585.078109287,14197,2109564.978637951,0,241.80603096984515,15953,2795.7522321428573,16284,SANTIAGO SUR,3956
53,0.021718880366925302,16856,22,16371957.21844454,14503,-265145.57356430945,0,425.74891774891773,15932,3386.090146750524,16379,7MA UNIDAD REGIONAL MAULE,2249
54,0.032409452649643955,16488,15,57879984.211440824,7625,-80630758.97768074,0,3623.2909987669545,12433,2679.1902768834516,10276,SANTIAGO SUR,2182
55,0.02395158860227632,15729,13,26122748.242748618,9937,12568887.163328882,0,1355.691135734072,13563,7235.035980148883,10087,5TA UNIDAD REGIONAL VALPARAISO,12672
56,0.03433728725816739,15117,10,17681514.766223613,13838,-3659442.8119335845,0,1151.6555183946489,14818,2988.65350877193,14889,SANTIAGO SUR,2312
57,0.03117183627150354,15088,11,26499435.60695469,13190,13194058.944724284,0,800.7282608695652,14536,4039.037356321839,14392,SANTIAGO CENTRO,2692
58,0.03461018517115327,15007,18,26866033.355740182,9711,-5017943.300326514,0,653.7202295552368,12219,2152.01740926527,11618,SANTIAGO PONIENTE,2003
59,0.046021837234177417,14935,10,11558320.39284032,12812,-1267273.372815534,0,368.8836477987421,14299,2975.641853932584,14223,SANTIAGO SUR,1764
60,0.029251443728898676,14505,24,14952190.023037814,8211,-5935221.717959325,0,749.1271911073109,9827,2956.208855694852,10756,SANTIAGO SUR,1838
61,0.030575299663378547,14435,12,32428438.905362777,13167,4552310.557464496,0,511.6935817805383,13952,4558.445045045045,13880,SANTIAGO ORIENTE,2572
62,0.0379916412522829,14233,11,17584116.9991431,13066,2402157.5295440173,0,1481.4875621890546,14032,2535.5142857142855,14058,SANTIAGO CENTRO,2041
63,0.035853951118265975,13773,36,40933375.57564818,10726,-3385949.7217018805,0,803.552304964539,12645,3695.3722986247544,12755,SANTIAGO ORIENTE,4305
64,0.046488607393388594,13630,24,15049417.740350878,7075,-1119438.086500367,0,464.40166293572116,10503,3754.1903532827873,7431,SANTIAGO CENTRO,1249
65,0.017707771429244155,13609,15,12217340.349256068,11055,1247264.5482401352,0,271.6852966466036,12446,3117.2413793103447,12826,5TA UNIDAD REGIONAL VALPARAISO,5294
66,0.04138111764689763,13111,8,28797150.559695818,6536,26018349.469681945,0,598.8558246828143,8776,2595.713160854893,7777,SANTIAGO ORIENTE,2137
67,0.027711132564895057,12537,4,7061753.845238095,12033,-475652.42952859536,0,2216.285714285714,12502,3099.4347826086955,12514,SANTIAGO CENTRO,1097
68,0.033783088323467034,12503,10,19363925.70612621,10332,-1163765.3943853476,0,2447.153713298791,11924,3163.6540084388184,11792,SANTIAGO CENTRO,2861
69,0.03217277856680055,12478,12,31589185.037982974,10951,-15751434.205561789,0,1054.6876190476191,11953,3787.4439252336447,12050,SANTIAGO SUR,3110
70,0.02122015159144807,12162,10,13141395.153222172,9943,4222540.594145699,0,341.07700534759357,11227,3165.1699669966997,11556,5TA UNIDAD REGIONAL VALPARAISO,3789
71,0.29314291175354107,11955,2,3357432.3724279837,10497,301715.34571309073,0,1562.350210970464,11718,2761.3150684931506,11809,10MA UNIDAD REGIONAL LOS LAGOS,1336
72,0.034134709729182616,11921,19,45464506.884615384,8983,-51268944.989094876,0,1091.9701414353065,10012,3640.218435321456,10630,8VA UNIDAD REGIONAL BIO BIO,1758
73,0.026048280739539603,11826,6,13407429.51465126,9403,2646335.453661424,0,254.7584745762712,10646,3152.697421981004,11089,6TA UNIDAD REGIONAL RANCAGUA,6378
74,0.03878395155353548,11802,18,45897805.82920295,10309,-5653873.109727165,0,2446.3760539629006,11209,3282.166917293233,11137,SANTIAGO ORIENTE,1169
75,0.02114034704186004,11586,16,17211254.25479452,10126,-43008.8045054376,0,758.4120982986767,11057,3231.8344827586207,11151,SANTIAGO SUR,2401
76,0.03990656318656751,11463,6,19840249.071487263,9029,-8040621.18930472,0,1012.2764920828258,10642,1856.2903739061258,10206,SANTIAGO SUR,2216
77,0.03485165175831319,11087,6,15399913.696641387,10164,-2007211.433841436,0,1113.4285714285713,10919,3173.048484848485,10922,SANTIAGO CENTRO,1428
78,0.028485661549729476,11068,14,77794938.6969147,9966,-9366637.600198772,0,7292.194444444444,10780,3254.167381974249,10602,6TA UNIDAD REGIONAL RANCAGUA,4834
79,0.03189655480331026,10926,30,16472182.228153046,8809,7449041.365824639,0,624.545827633379,10195,4249.740489130435,10190,SANTIAGO ORIENTE,1615
80,0.024187160881850904,10883,13,28172324.589905363,9298,-28937977.932004042,0,1188.8188277087033,10320,3478.554393305439,10405,SANTIAGO NORTE,2553
81,0.024360552318385215,10851,19,59459173.83318182,6451,-45057116.75006912,0,829.5349337155142,8060,3182.4086687306503,8913,SANTIAGO ORIENTE,1882
82,0.03713471062511429,10662,21,8647077.574514039,9736,1106456.2723691615,0,1872.0106951871658,10475,3146.55980861244,10453,SANTIAGO PONIENTE,4548
83,0.04714645821854379,10579,7,176788776.6749556,9453,24990947.39058512,0,4892.982213438735,10073,2916.3892857142855,10019,SANTIAGO SUR,1066
84,0.04997502728880726,10445,13,38662307.53083701,8629,-6405680.349928196,0,540.4965596330276,9573,2306.1768292682927,9625,SANTIAGO SUR,1321
85,0.02377971548858262,10436,10,25142705.378773585,8316,-5383132.07119586,0,964.3727915194346,9304,3282.1458333333335,9668,2DA UNIDAD REGIONAL ANTOFAGASTA,2342
86,0.024109443460170136,10321,7,20190799.33430402,8604,193289.04398798567,0,485.0823327615781,9738,3316.863436123348,9867,9NA UNIDAD REGIONAL TEMUCO,5990
87,0.02000729395924918,10312,3,38807173.07113986,9075,-11561652.291505042,0,1248.8825396825396,9997,4092.574468085106,10124,SANTIAGO CENTRO,1805
88,0.03100891837103147,10259,8,24907115.85923913,8419,-14238703.669655912,0,598.267252195734,9462,3216.2739130434784,9799,SANTIAGO SUR,1105
89,0.0369406469337901,10035,6,9026567.055460751,8863,-667071.9482810164,0,412.97569444444446,9747,3026.3611111111113,9819,8VA UNIDAD REGIONAL BIO BIO,2103
90,0.034450482007240296,9926,6,12848140.963636363,8496,-63213.19121499093,0,530.2777777777778,9008,4378.238317757009,9070,8VA UNIDAD REGIONAL BIO BIO,3353
91,0.019439926896773162,9731,3,22418437.63610432,7277,1163986.480937211,0,249.69820788530467,8336,3084.562028047465,8804,10MA UNIDAD REGIONAL LOS LAGOS,2150
92,0.03407465022181684,9644,2,13053585.399725275,7460,10004.946287847366,0,412.905585106383,8140,4441.76012145749,8656,4TA UNIDAD REGIONAL COQUIMBO,3067
93,0.035861226762418194,9404,7,11663918.787440758,5184,-33232532.306784347,0,572.8204456094364,6352,2808.694434721736,6547,SANTIAGO SUR,1606
94,0.027583305451665176,9380,6,66819585.61956235,5587,-39731910.790085286,0,2511.4591113972956,7827,4660.1217239371,7663,SANTIAGO ORIENTE,1414
95,0.02587188959429849,9343,7,26830734.128019325,8929,389859.82232687576,0,1327.942857142857,9308,4921.413793103448,9314,SANTIAGO SUR,865
96,0.03500833067692077,9201,8,20172946.725274727,8109,3374414.55124443,0,3130.528368794326,8919,3445.576512455516,8920,2DA UNIDAD REGIONAL ANTOFAGASTA,1691
97,0.026248884215699778,8390,1,6720964.663072776,7648,2026396.3691299167,0,672.5925925925926,8255,2591.8611111111113,8282,SANTIAGO SUR,994
98,0.05534507655300976,8387,3,7007298.461838006,7103,-2401691.985095982,0,1281.373287671233,8095,3102.1493902439024,8059,SANTIAGO SUR,1108
99,0.031134824341218482,8077,10,17424162.493506495,6845,8097692.710907515,0,805.4263959390863,7683,4211.2827586206895,7642,SANTIAGO ORIENTE,2697
100,0.02859793876965659,7959,8,11898210.936723163,7074,195087.20228671943,0,429.14772727272725,7695,2566.0564516129034,7711,SANTIAGO SUR,1691
101,0.03036148759293905,7958,1,44171200.88099808,7437,-2688542.358381503,0,427.878453038674,7777,3181.4862385321103,7849,SANTIAGO SUR,1010
102,0.05178951307661723,7912,10,17720912.254752852,6597,9979034.164939333,0,1849.463503649635,7638,4519.213450292397,7570,SANTIAGO SUR,1297
103,0.027572770202563816,7864,1,17138609.31300813,6388,3395885.458418108,0,242.93415007656967,7211,2935.585623678647,7391,8VA UNIDAD REGIONAL BIO BIO,4372
104,0.034434595747881304,7822,13,83021040.01825294,6288,-22990001.44285349,0,999.2022613065327,7026,3056.835787089468,6939,SANTIAGO SUR,1168
105,0.061349849683808376,7783,16,17856225.920289855,6265,597372.3316201979,0,3190.1647597254005,7346,5413.317135549873,7001,SANTIAGO ORIENTE,892
106,0.017619499490177895,7687,6,19356832.759670783,6472,-2365924.903213217,0,298.0603112840467,7173,3720.543417366947,7330,8VA UNIDAD REGIONAL BIO BIO,1157
107,0.0326310036224997,7468,4,8275556.4303448275,6743,-745276.8452062132,0,1064.4205607476636,7254,3563.909090909091,7325,SANTIAGO SUR,1045
108,0.045332382579156665,7445,4,33887875.73688156,6111,-1865927.8725319006,0,3763.128595600677,6854,2711.8406015037594,6780,SANTIAGO SUR,873
109,0.027913650460837294,7227,6,14886593.537283622,5725,2130795.9489414697,0,233.86138613861385,6621,3583.738683127572,6741,5TA UNIDAD REGIONAL VALPARAISO,3969
110,0.054777977945297686,7192,2,8047221.105193076,6441,16103.007091212457,0,1714.036842105263,7002,3965.680412371134,6998,5TA UNIDAD REGIONAL VALPARAISO,4434
111,0.03879475881268828,7096,2,10758821.639880951,6424,-7991759.585400226,0,507.51063829787233,6955,2956.36,6971,SANTIAGO SUR,692
112,0.2090489315046047,7076,0,10475804.746067416,6631,-59016.10076314302,0,2686.1466666666665,7001,4522.290322580645,7045,5TA UNIDAD REGIONAL VALPARAISO,701
113,0.09356400269110426,7040,102,7478007.694497154,5986,-879358.7853693182,0,406.21611001964635,6531,2396.0876404494384,6595,1RA UNIDAD REGIONAL IQUIQUE,547
114,0.019275472385467656,7026,11,13647337.55960265,5818,789805.1733561059,0,267.28483606557376,6538,3242.5267379679144,6652,5TA UNIDAD REGIONAL VALPARAISO,3385
115,0.020026823533821222,6800,1,15006236.640834576,5458,2312642.3264705883,0,245.1563025210084,6205,2785.958536585366,6390,5TA UNIDAD REGIONAL VALPARAISO,3777
116,0.022584049458620775,6775,6,27885349.303255815,5700,-3193721.000295203,0,768.3922155688623,6441,4563.224358974359,6463,SANTIAGO ORIENTE,2025
117,0.027438490225101923,6741,6,45628953.86755647,5767,-1596024.621866192,0,210.45454545454547,6323,2607.0389221556884,6407,2DA UNIDAD REGIONAL ANTOFAGASTA,4479
118,0.037791994553664554,6674,5,20073192.712615386,5049,-6711300.688642493,0,1157.676923076923,5894,2004.4823695345558,5965,SANTIAGO SUR,644
119,0.028610101791443812,6667,2,49327250.811529934,5314,-33387110.288285587,0,436.7269503546099,6103,3216.4169014084505,6312,4TA UNIDAD REGIONAL COQUIMBO,3979
120,0.036999498982916074,6498,6,10980056.241493776,5293,1364630.322560788,0,1246.9237588652481,5934,2317.1946308724832,6051,5TA UNIDAD REGIONAL VALPARAISO,670
121,0.025610941629529857,6492,11,11541041.641316686,5611,466446.00693160814,0,649.0315789473684,6207,2915.1272727272726,6272,SANTIAGO SUR,2354
122,0.03776405152705664,6300,4,19755743.432360742,5546,-1476837.2844444443,0,463.293023255814,6085,2543.5513513513515,6115,SANTIAGO SUR,708
123,0.0247533036090234,6283,2,38526942.050683826,5040,-249677.5823651122,0,537.2605633802817,5715,3278.8818443804034,5936,10MA UNIDAD REGIONAL LOS LAGOS,3694
124,0.0322613809402765,6244,1,6909549.794871795,5737,213842.401024984,0,2369.7419354838707,6089,3317.9036144578313,6161,10MA UNIDAD REGIONAL LOS LAGOS,3175
125,0.04717357330996509,6221,4,15973862.303816793,5566,10480.13759845684,0,4327.326241134751,6080,3065.2213740458014,6090,10MA UNIDAD REGIONAL LOS LAGOS,746
126,0.02630879010733819,6215,6,16373961.670731707,5477,3452085.2582461787,0,353.45544554455444,6013,3746.373056994819,6022,SANTIAGO ORIENTE,1158
127,0.04897878842929394,6099,5,11484780.088343559,5284,-20959927.7563535,0,1332.142857142857,5917,3978.8815789473683,5947,SANTIAGO ORIENTE,1659
128,0.02685303168425217,5919,5,15117441.6123348,4103,-1261997.2463253927,0,165.58152173913044,4815,2679.6090225563908,5121,SANTIAGO SUR,1119
129,0.05493064244566248,5813,11,36144250.67424242,2381,8398861.952520214,0,2749.964351567302,4186,2741.9513812154696,3098,SANTIAGO CENTRO,1077
130,0.04528783274569558,5761,3,42633773.32718327,4948,66921411.79222357,0,2416.1575562700964,5450,3897.0,5423,8VA UNIDAD REGIONAL BIO BIO,1054
131,0.02663725498821191,5733,3,14080595.96002805,4307,-6301880.779347637,0,531.3873015873016,5103,3018.4263959390864,5339,8VA UNIDAD REGIONAL BIO BIO,1798
132,0.01914084958617154,5700,4,23380735.084158417,5296,660637.3242105263,0,1349.9166666666667,5664,4048.9565217391305,5654,SANTIAGO SUR,859
133,0.04738383387465703,5518,7,6057731.691385559,1931,42189071.271293946,0,1149.829326923077,3854,2697.5569620253164,4412,5TA UNIDAD REGIONAL VALPARAISO,622
134,0.0342437045888982,5496,4,15182038.733668342,4899,-1499918.9768922853,0,555.2443181818181,5320,2688.309090909091,5276,SANTIAGO ORIENTE,701
135,0.028509512318312565,5439,5,14050983.93469709,4168,6899256.70288656,0,186.0702614379085,4827,3640.105577689243,4937,9NA UNIDAD REGIONAL TEMUCO,3539
136,0.10078990461369268,5345,5,61924542.31587057,4696,6948265.966697848,0,1180.8523489932886,5196,2864.4809160305344,5214,SANTIAGO ORIENTE,667
137,0.04441009046016742,5197,6,73603129.1575,3597,-52730383.98191264,0,1373.3733195449845,4230,3637.28125,4333,5TA UNIDAD REGIONAL VALPARAISO,3043
138,0.041313599026577365,5102,4,23137257.936320756,4254,246176873.17875344,0,1675.3032490974729,4825,2355.5819209039546,4748,SANTIAGO ORIENTE,691
139,0.023221369342468014,5054,3,7218110.720754717,4524,-979376.9430154333,0,727.3768844221106,4855,3264.291044776119,4920,SANTIAGO SUR,994
140,0.035554340098560434,5039,9,42410200.79581994,4417,22434555.313157372,0,1161.2919708029196,4765,3332.9,4809,10MA UNIDAD REGIONAL LOS LAGOS,3055
141,0.03612035235208305,4938,4,28635395.50955414,4310,6886215.763669502,0,476.36614173228344,4684,3188.434027777778,4650,SANTIAGO SUR,1447
142,0.02480446420855033,4895,7,16268844.888349514,4071,-10244622.129928498,0,659.8456375838927,4597,2628.4561403508774,4610,SANTIAGO SUR,519
143,0.030028077474381656,4880,13,96797602.95438597,4310,-5253674.304918033,0,890.2442396313364,4663,3480.109375,4688,SANTIAGO SUR,662
144,0.037791624863579294,4793,2,40115856.67721519,1949,-80005644.1564782,0,744.4064136125654,3265,3523.949815108294,2900,SANTIAGO ORIENTE,1091
145,0.03092206823799857,4780,2,5873830.01369863,4269,-151850.8420502092,0,240.63768115942028,4573,2876.503759398496,4647,8VA UNIDAD REGIONAL BIO BIO,1914
146,0.034334811223517864,4711,5,1123401421.5591054,2520,829164722.6132456,0,2358.189534141672,3144,4391.842003853564,2635,SANTIAGO ORIENTE,1184
147,0.03499750006316625,4656,24,113479664.11690141,3236,-61225272.02835052,0,595.1049030786774,3779,2423.5134189031505,3799,SANTIAGO ORIENTE,1105
148,0.026085019805110913,4651,6,10431652.126234906,3740,846685.5216082563,0,381.848,4276,3139.887195121951,4323,SANTIAGO CENTRO,1378
149,0.09808899151915193,4578,6,13584028.859550562,4044,193046.79030144168,0,479.24905660377357,4313,3755.9,4418,SANTIAGO PONIENTE,615
150,0.025482581728791247,4565,2,12540000.294117646,3664,3041250.256297919,0,293.6243093922652,4203,3463.4921875,4309,6TA UNIDAD REGIONAL RANCAGUA,1124
151,0.03901316128209686,4520,2,19578395.621880997,3999,65451.649778761064,0,949.8333333333334,4412,2871.608695652174,4428,SANTIAGO SUR,477
152,0.045881247675622065,4484,32,55682976.71052632,3686,-15725799.691347012,0,1508.6230598669622,4033,3962.348884381339,3991,5TA UNIDAD REGIONAL VALPARAISO,1598
153,0.047535933340511254,4397,1,33703369.33481482,3722,-36098896.983170345,0,1901.338028169014,4255,2789.8841463414633,4233,SANTIAGO ORIENTE,786
154,0.028962300068842605,4396,5,8634758.953818828,3833,777447.5145586897,0,499.2705882352941,4226,3368.6375838926174,4247,SANTIAGO SUR,1316
155,0.04585552203651497,4368,18,12685809.56862745,3144,-3017745.0943223443,0,480.01536312849163,3652,3720.82962962963,3828,8VA UNIDAD REGIONAL BIO BIO,1605
156,0.043572420576472745,4339,7,205401211.31407943,3785,-17984755.086425442,0,2723.395209580838,4172,3207.277777777778,4141,SANTIAGO CENTRO,935
157,0.3348924258490674,4304,4,4822503.9443099275,3891,4477270.239312268,0,1470.5581395348838,4218,3033.095890410959,4231,8VA UNIDAD REGIONAL BIO BIO,666
158,0.1200157018940267,4245,4,11402046.067264574,3799,-1097298.7057714958,0,652.7410714285714,4133,2792.8387096774195,4121,8VA UNIDAD REGIONAL BIO BIO,431
159,0.13742843754414522,4237,2,5620107.532299741,3850,917468.8274722681,0,686.5535714285714,4125,4075.684210526316,4180,SANTIAGO SUR,1025
160,0.04121484255010747,4203,4,77382615.68982944,2620,255344040.8684273,0,1130.8920245398774,3388,2954.914454277286,3525,10MA UNIDAD REGIONAL LOS LAGOS,562
161,0.017439977018016237,4091,4,12325321.844978167,3175,289459.21779516013,0,309.31900452488685,3649,3403.625,3699,SANTIAGO CENTRO,1094
162,0.03301770712116746,4068,4,11684380.295906432,3213,3731499.9518190757,0,258.848635235732,3665,2877.8253968253966,3816,7MA UNIDAD REGIONAL MAULE,2702
163,0.028632915395435023,4032,3,11406525.573975045,3471,1750621.2375992064,0,268.7823834196891,3839,2625.274647887324,3890,5TA UNIDAD REGIONAL VALPARAISO,1892
164,0.06847749811851483,4030,27,33811941.504087195,3296,-9552838.694540942,0,769.1302325581395,3600,3618.1878048780486,3620,7MA UNIDAD REGIONAL MAULE,2196
165,0.030478702692148918,3985,1,13040639.446380697,3239,1386637.8288582184,0,335.9751552795031,3663,3165.2252964426875,3732,5TA UNIDAD REGIONAL VALPARAISO,2422
166,0.02025378748938015,3981,3,12115014.922867514,2879,18837426.22933936,0,402.66515151515154,3321,3153.7845036319613,3568,10MA UNIDAD REGIONAL LOS LAGOS,1550
167,0.050843142499162906,3974,0,3620986.8672985784,3552,-256581.27730246604,0,565.0459770114943,3887,2141.267441860465,3888,SANTIAGO SUR,303
168,0.025788411548504614,3955,0,8487961.501730103,3088,2355155.796965866,0,218.84112149532712,3527,2720.449275362319,3748,10MA UNIDAD REGIONAL LOS LAGOS,2105
169,0.02870162403231234,3946,3,13008246.62083781,3015,-1199670.313482007,0,624.2212389380531,3494,3997.345755693582,3463,8VA UNIDAD REGIONAL BIO BIO,844
170,0.04178791196403923,3942,3,3217989.90990991,3609,-338717.8962455606,0,669.2285714285714,3872,2737.6428571428573,3886,SANTIAGO SUR,479
171,0.029925044211349092,3852,1,10296804.4536862,3323,4492693.94755971,0,1720.1764705882354,3801,2690.296296296296,3798,SANTIAGO CENTRO,492
172,0.023353669714320215,3830,3,7897998.771802326,3142,17249399.74778068,0,477.73454545454547,3555,3154.722222222222,3650,7MA UNIDAD REGIONAL MAULE,1258
173,0.06169853128812917,3819,3,11990925.291563276,3013,412575.24797067296,0,837.8382687927107,3380,3119.0232558139537,3475,SANTIAGO PONIENTE,1196
174,0.028838580366443906,3805,1,15488694.76933896,3094,2291400.2220762153,0,846.4277456647399,3459,5158.308056872038,3383,8VA UNIDAD REGIONAL BIO BIO,1853
175,0.01989783493906512,3729,4,1284185.4069767443,3385,1052557.8063824081,0,1171.358208955224,3662,3065.576923076923,3703,SANTIAGO SUR,608
176,0.06845901182608112,3723,23,27586393.377588306,2902,94851.71447757185,0,624.2442588726514,3244,3069.6735537190084,3239,SANTIAGO SUR,742
177,0.047255840065920034,3651,11,17206066.435215946,2748,-2211212.5853190906,0,839.9468822170901,3218,1871.5317919075144,2959,2DA UNIDAD REGIONAL ANTOFAGASTA,2636
178,0.05018814580310677,3622,8,53468663.10904585,2815,25073850.199889563,0,791.3118644067797,3327,4421.83081570997,3291,SANTIAGO ORIENTE,806
179,0.025541187246704764,3558,3,1912757.6020408163,3362,240557.392074199,0,526.6896551724138,3529,2498.5454545454545,3536,SANTIAGO SUR,411
180,0.05305603746032329,3546,2,78055683.8033241,2824,13898821.577270163,0,194.69911504424778,3320,3925.353233830846,3345,8VA UNIDAD REGIONAL BIO BIO,640
181,0.08442658188523174,3520,4,7101254.523636363,2970,67387.92670454546,0,537.0336538461538,3312,3741.266666666667,3280,1RA UNIDAD REGIONAL IQUIQUE,1298
182,0.025375278932560426,3510,7,11068855.367272727,2960,38611240.71566951,0,302.4045454545454,3290,3473.8055555555557,3330,SANTIAGO CENTRO,711
183,0.029987560720297984,3362,2,21097253.39122807,2792,7709745.305770375,0,572.2528089887641,3184,4113.0329670329675,3089,7MA UNIDAD REGIONAL MAULE,1654
184,0.03396689332130654,3361,0,12480293.143548386,2741,1043827.2945551919,0,288.9908256880734,3143,3466.083969465649,3099,SANTIAGO ORIENTE,889
185,0.06551424375145742,3308,1,3909664.8099173554,2945,414260.6130592503,0,513.4615384615385,3230,2443.722891566265,3225,SANTIAGO CENTRO,437
186,0.03789715719231583,3296,2,7881675.241935484,2490,-649414.5761529126,0,414.04761904761904,2939,2650.8411764705884,2956,SANTIAGO CENTRO,547
187,0.05985536840142107,3278,1,51169072.41913439,2839,1351976.0424039047,0,1724.7142857142858,3166,3516.973821989529,3087,SANTIAGO CENTRO,443
188,0.0298762526955766,3275,6,55772771.85607009,2476,-10593840.782290077,0,1099.8854368932039,2760,2566.981443298969,2790,8VA UNIDAD REGIONAL BIO BIO,788
189,0.027704648672775452,3229,1,9033940.496644296,2782,1374995.7677299473,0,287.83522727272725,3053,2685.6907216494847,3132,3RA UNIDAD REGIONAL ATACAMA,2177
190,0.03757778599130242,3216,5,27627648.671619613,2543,-5349444.0289179105,0,1430.3320463320463,2957,3090.3297491039425,2937,4TA UNIDAD REGIONAL COQUIMBO,1025
191,0.02798375668991596,3093,9,15167989.001451379,2404,2175032.150662787,0,334.6936416184971,2747,2918.6989247311826,2814,SANTIAGO SUR,945
192,0.0243337545214663,3088,5,47688757.27008032,2092,-14674657.682642488,0,586.809375,2448,3108.7292069632495,2571,2DA UNIDAD REGIONAL ANTOFAGASTA,527
193,0.028326945631412293,3079,0,19706952.42138365,2602,1186233.367651835,0,473.1011904761905,2911,2851.573529411765,2943,SANTIAGO CENTRO,675
194,0.03988707553288046,3057,0,94727713.66760564,2702,-5861573.505397448,0,4219.611650485437,2954,3310.581818181818,2947,SANTIAGO SUR,542
195,0.0397247646443287,3011,1,8890829.821596244,2159,-9709692.103287945,0,169.7,2541,2182.9196428571427,2675,SANTIAGO SUR,721
196,0.02679658189686353,2950,1,17567350.314363144,2581,510174.34711864404,0,690.6622516556291,2799,3189.1104294478528,2787,SANTIAGO SUR,410
197,0.02391740823280512,2930,4,8665978.623501198,2513,835571.6805460751,0,5463.510416666667,2834,3193.7868852459014,2808,SANTIAGO ORIENTE,670
198,0.03130022890701533,2898,0,32987904.793733682,2515,-694445.9523809524,0,386.4407894736842,2746,3160.252427184466,2795,SANTIAGO PONIENTE,1193
199,0.04943624875068943,2895,1,5023561.506451613,2585,-593478.9122625216,0,987.1688311688312,2818,3946.212121212121,2796,SANTIAGO SUR,300
200,0.0241140415560691,2867,4,17447891.39873418,2393,1635269.293337984,0,349.048128342246,2680,3870.1420118343194,2698,SANTIAGO NORTE,579
201,0.03806628466365614,2831,2,19018207.81958763,2443,1240073.7820558106,0,681.7321428571429,2719,3619.280701754386,2717,8VA UNIDAD REGIONAL BIO BIO,497
202,0.034261557479023125,2731,0,8396454.861445783,2399,1004711.0080556573,0,1110.967741935484,2638,3286.2,2656,SANTIAGO SUR,429
203,0.0499536766369888,2692,0,82532663.35915492,2408,-8905494.10475483,0,6165.243902439024,2610,4566.793103448276,2634,4TA UNIDAD REGIONAL COQUIMBO,1172
204,0.02622375974205848,2601,6,6271007.108545034,2168,103196.0246059208,0,1346.343949044586,2444,1827.6574803149606,2347,SANTIAGO CENTRO,502
205,0.030174488449972493,2549,4,9363239.700440528,1868,2974449.3860337385,0,157.39370078740157,2168,3395.4811715481173,2310,7MA UNIDAD REGIONAL MAULE,1607
206,0.06260386265435756,2537,2,22736475.077363897,2188,-8522318.472999606,0,1295.872340425532,2443,3369.0123456790125,2456,SANTIAGO ORIENTE,408
207,0.15899002006581858,2529,1,18447833.53937008,2275,2049724.2281534204,0,4138.272727272727,2474,2395.214285714286,2459,SANTIAGO SUR,377
208,0.04205457876891766,2502,0,15237803.915601023,2111,-3626904.8649080736,0,851.1838235294117,2366,6103.096566523605,2036,SANTIAGO SUR,347
209,0.03324022647071383,2480,2,15405717.954545455,2106,-1552816.3064516129,0,1596.3223684210527,2328,2039.219387755102,2284,SANTIAGO SUR,444
210,0.05378425569642612,2466,8,9248314.156010231,2075,10740130.284671532,0,894.6428571428571,2284,4183.985221674877,2263,SANTIAGO PONIENTE,594
211,0.03420542505803872,2463,1,10410885.459259259,2193,-1809449.9301664636,0,1082.8059701492537,2396,3086.264150943396,2410,SANTIAGO SUR,488
212,0.06056551693475365,2392,17,24287194.059972107,1675,-2954615.7717391304,0,430.7203166226913,2013,4537.330383480826,2053,SANTIAGO NORTE,355
213,0.0294845138402172,2369,1,3606790.442804428,2098,709763.3271422541,0,212.6936936936937,2258,2869.551724137931,2282,9NA UNIDAD REGIONAL TEMUCO,895
214,0.032952596418240915,2333,2,13510178.87264151,1909,420291.41277325334,0,750.3981481481482,2117,4608.920454545455,2157,5TA UNIDAD REGIONAL VALPARAISO,252
215,0.03376136980130026,2319,0,22082535.975124378,2118,-3105083.143165157,0,2644.5434782608695,2273,3299.1071428571427,2263,SANTIAGO SUR,414
216,0.028338632858687107,2294,2,7935912.430508475,1999,628572.4995640803,0,285.8888888888889,2195,3104.641025641026,2216,4TA UNIDAD REGIONAL COQUIMBO,1029
217,0.028602537993738526,2274,2,15381178.55670103,1983,86972.16578715919,0,1071.5584415584415,2197,4266.515151515152,2208,SANTIAGO ORIENTE,324
218,0.05445083677292463,2242,14,9665640.9197995,1843,-1737564.5481712758,0,430.44144144144144,2020,4350.574712643678,2068,5TA UNIDAD REGIONAL VALPARAISO,1057
219,0.05059137403248918,2236,1,94269800.86343612,1782,2393167.404293381,0,221.47916666666666,2092,4107.596026490066,2085,SANTIAGO CENTRO,361
220,0.03995693886633949,2235,0,8611382.749244712,1904,1739106.5060402683,0,355.8636363636364,2015,4144.420454545455,2059,9NA UNIDAD REGIONAL TEMUCO,885
221,0.02793963915886423,2221,3,10538806.692810457,1609,915526.3115713643,0,227.0323275862069,1757,2413.2457002457004,1814,SANTIAGO SUR,1131
222,0.06414714023579039,2209,1,25366303.333333332,1840,-2874056.0665459484,0,1159.3248407643312,2052,3782.8947368421054,2057,7MA UNIDAD REGIONAL MAULE,419
224,0.11193568050352136,2196,1,10765062.784688994,1987,225705.55828779598,0,645.09375,2132,2505.2820512820513,2157,SANTIAGO SUR,218
223,0.04030948538791128,2196,2,65210328.571428575,1923,9273028.568761384,0,1509.7281553398059,2093,3399.3207547169814,2090,SANTIAGO PONIENTE,263
225,0.022990750336699863,2156,0,6937284.666666667,2153,80197.49304267162,0,6084.0,2154,3647.0,2154,SANTIAGO ORIENTE,22
226,0.0336930928967016,2149,5,7603385.618556701,1567,815629.6463471382,0,399.2747603833866,1836,2568.191616766467,1815,8VA UNIDAD REGIONAL BIO BIO,257
227,0.028883304705772783,2126,6,22711004.68831169,1664,-295217332.8621825,0,573.4213197969543,1929,3152.940476190476,1958,SANTIAGO ORIENTE,392
228,0.029089762746915066,2126,0,10357076.348441927,1773,2305348.899811853,0,387.0346153846154,1866,3912.513368983957,1939,9NA UNIDAD REGIONAL TEMUCO,716
229,0.037061903684633864,2113,12,29878723.58657244,1830,-28056447.911026977,0,3877.5151515151515,1981,4262.139534883721,1941,SANTIAGO ORIENTE,491
230,0.029027830315097168,2100,0,28427339.004807692,1892,-4434552.021904762,0,2312.5283018867926,2047,2243.4193548387098,2038,SANTIAGO SUR,421
231,0.047944386166898695,2088,1,20054695.733516484,1724,-859912.9137931034,0,762.5469613259669,1907,3402.275303643725,1841,5TA UNIDAD REGIONAL VALPARAISO,1212
232,0.06184844350546268,2086,4,5649471.012903226,1776,1034660.5038350911,0,308.2097902097902,1943,2472.768,1961,5TA UNIDAD REGIONAL VALPARAISO,905
233,0.04464149294612193,2073,3,33595640.32451923,1657,10299676.975880366,0,211.89208633093526,1934,4067.5704697986575,1924,SANTIAGO ORIENTE,576
234,0.060384283265915814,2069,5,344631728.01834863,1633,-39592469.68970517,0,163.49689440993788,1908,3400.858757062147,1892,SANTIAGO SUR,439
235,0.028598793181271207,2065,2,7927971.858823529,1470,105582.39951573849,0,1428.6108108108108,1880,3018.9891304347825,1789,SANTIAGO SUR,342
236,0.029917057618094326,2052,5,10837418.113744076,1630,-10897255.32748538,0,303.0570175438597,1824,2770.8,1887,SANTIAGO PONIENTE,398
237,0.033901865897306344,2049,0,2973038.6761363638,1873,308679.2201073695,0,1088.65,2009,3987.657894736842,2011,SANTIAGO SUR,367
238,0.031628808757300106,2044,1,25055059.089041095,1898,-1468470.233365949,0,1131.9782608695652,1998,5596.297872340426,1997,SANTIAGO CENTRO,228
239,0.04112980269653285,2024,1,31052268.257534247,1659,29658977.83498024,0,350.2823529411765,1854,4705.211678832116,1887,SANTIAGO ORIENTE,1010
240,0.03081698744330399,2015,4,27720513.568253968,1700,-4025808.223325062,0,1643.094017094017,1898,3252.485507246377,1877,SANTIAGO ORIENTE,353
241,0.04346734269600287,1983,2,64595169.38625593,1561,-299518.93242561776,0,183.15428571428572,1808,3420.3548387096776,1797,SANTIAGO ORIENTE,607
242,0.03824238034665174,1948,2,9649182.27436823,1671,-640937.9943531827,0,1233.1368421052632,1853,3509.7796610169494,1830,SANTIAGO ORIENTE,382
243,0.05808904787529928,1923,1,24759755.28166915,1252,-1855491.5127405096,0,462.1345646437995,1544,2791.9473684210525,1752,4TA UNIDAD REGIONAL COQUIMBO,951
244,0.03147714821700207,1911,1,43982259.598393574,1662,-4427345.084249084,0,1120.7727272727273,1845,3024.891891891892,1837,SANTIAGO CENTRO,429
245,0.03989791577773035,1901,1,39717909.10288066,1658,-252968.85691741187,0,485.68131868131866,1810,3364.3854166666665,1805,9NA UNIDAD REGIONAL TEMUCO,158
246,0.04545900938491328,1885,3,78772229.10674158,1707,49130076.27798408,0,739.9512195121952,1803,4822.351351351352,1811,10MA UNIDAD REGIONAL LOS LAGOS,572
247,0.03680103455888625,1835,0,15426532.34368932,1320,1773582.0790190736,0,789.3807829181495,1554,5949.405194805195,1450,5TA UNIDAD REGIONAL VALPARAISO,954
248,0.041088207531692796,1810,3,3955894.212669683,1589,34381.3408839779,0,1599.952380952381,1768,1787.0714285714287,1726,SANTIAGO SUR,271
249,0.030660302528750672,1802,0,29425958.460251044,1563,10150591.727524972,0,2636.151515151515,1736,3872.265060240964,1719,SANTIAGO CENTRO,269
250,0.06825312300563932,1783,0,8689266.894557822,1489,581845.7919237241,0,356.52,1683,3379.138613861386,1682,SANTIAGO ORIENTE,453
251,0.04690283084081842,1781,1,73167433.02,1381,157932345.10387424,0,901.1096774193549,1626,3325.358139534884,1566,SANTIAGO ORIENTE,420
252,0.05284119823909976,1742,0,2062020.90625,1614,289609.7175660161,0,502.55882352941177,1708,2870.6666666666665,1724,5TA UNIDAD REGIONAL VALPARAISO,194
253,0.0294618736616608,1726,4,15904579.932384342,1445,4567748.469293163,0,546.4166666666666,1654,4285.652173913043,1634,8VA UNIDAD REGIONAL BIO BIO,338
254,0.04837685050751536,1716,1,71219705.52657005,1509,36394849.74941725,0,2358.2063492063494,1653,4264.18,1666,SANTIAGO SUR,438
255,0.07239545888997961,1691,1,35458666.855704695,1393,-2263397.575990538,0,409.67605633802816,1549,3581.1901840490796,1528,5TA UNIDAD REGIONAL VALPARAISO,625
256,0.03176643659977062,1669,0,15238591.341614908,1508,-3115464.467345716,0,2030.8333333333333,1609,3814.061224489796,1620,SANTIAGO SUR,133
257,0.03239375295390121,1624,0,25899781.75985663,1345,-6543995.716133005,0,1820.1122448979593,1526,4209.295652173913,1509,SANTIAGO ORIENTE,313
258,0.08376690929296997,1611,20,4102050.438413361,653,-4760649.236499069,0,115.2208904109589,1027,1282.431105047749,878,SANTIAGO ORIENTE,171
259,0.028490241903132492,1585,1,13216170.367521368,1351,-328672.9760252366,0,690.7403846153846,1481,3881.15873015873,1522,6TA UNIDAD REGIONAL RANCAGUA,714
260,0.02493402732902268,1579,1,80279513.3773585,1367,-15026240.66687777,0,1599.3589743589744,1501,5087.244897959184,1481,1RA UNIDAD REGIONAL IQUIQUE,171
261,0.024832000546428656,1560,1,55124314.34068628,1152,-19946647.012179486,0,903.7512195121951,1355,3421.601063829787,1372,SANTIAGO ORIENTE,401
263,0.03829203260731357,1528,0,37314135.427083336,1432,649164.7990837697,0,1768.6451612903227,1497,5430.392857142857,1500,2DA UNIDAD REGIONAL ANTOFAGASTA,696
262,0.01788278599338485,1528,0,15283828.220973782,1261,1849788.9280104712,0,745.8064516129032,1435,3934.879120879121,1437,SANTIAGO ORIENTE,369
264,0.027670545611620963,1520,1,9715152.87745098,1316,444836.4953947368,0,901.9464285714286,1464,3212.9824561403507,1463,SANTIAGO CENTRO,390
265,0.04669457959415708,1512,2,59012583.36363637,1204,9087541.083994709,0,322.3255813953488,1383,4024.723880597015,1378,SANTIAGO SUR,406
266,0.03208288978385535,1505,0,1146676.5443037974,1347,479668.52558139537,0,3509.0,1495,2080.5714285714284,1498,SANTIAGO CENTRO,217
267,0.029122080359005303,1483,0,117863389.5263158,1331,-12926097.541469993,0,2798.3972602739727,1410,4467.815789473684,1407,5TA UNIDAD REGIONAL VALPARAISO,242
268,0.03555293627978057,1480,3,77901551.18729097,1181,-10565834.706081081,0,8771.760736196318,1317,2875.8025477707006,1323,SANTIAGO SUR,399
269,0.03329777165242173,1465,3,10531657.890052356,1274,-2268708.3317406145,0,507.2903225806452,1403,3297.035714285714,1409,SANTIAGO ORIENTE,322
270,0.03030985854380289,1455,1,101321872.76097561,1250,-7749964.224054983,0,946.8666666666667,1380,4878.4,1310,6TA UNIDAD REGIONAL RANCAGUA,387
271,0.03678669793229365,1452,0,12841247.612244898,1354,-772710.4772727273,0,478.6279069767442,1409,3160.0454545454545,1430,7MA UNIDAD REGIONAL MAULE,285
272,0.02521428013610124,1447,0,8805796.6,1342,1009173.9094678645,0,153.35802469135803,1366,5907.924822695036,37,SANTIAGO PONIENTE,366
273,0.0919203658533606,1405,0,21952381.591715977,1236,-1844690.7914590747,0,882.3846153846154,1366,3428.0697674418607,1362,5TA UNIDAD REGIONAL VALPARAISO,315
274,0.03286781114371571,1385,1,3586065.603896104,1231,630816.6880866427,0,1121.054054054054,1348,3071.8214285714284,1357,SANTIAGO PONIENTE,231
275,0.05039904497584317,1373,1,228549511.2159091,1021,62409644.06919155,0,205.992700729927,1236,3271.2375690607737,1192,8VA UNIDAD REGIONAL BIO BIO,303
276,0.028219639571665914,1373,0,7773882.069767442,900,1832831.9803350328,0,334.3198757763975,1051,3260.3497757847535,1150,9NA UNIDAD REGIONAL TEMUCO,620
277,0.04821263660725014,1359,2,17666095.033492822,1150,3098971.46799117,0,2805.7735849056603,1306,3874.890625,1295,SANTIAGO ORIENTE,302
278,0.028415576437067044,1350,0,18567854.788844623,1099,2079861.5948148149,0,255.15384615384616,1233,3138.3636363636365,1284,SANTIAGO SUR,485
279,0.04627704126397788,1346,1,467866144.07392997,1089,17292763.243684992,0,2969.4108527131784,1217,3119.7936507936506,1220,SANTIAGO PONIENTE,303
280,0.06183893727572374,1338,0,21816761.39516129,1214,1631562.8871449926,0,257.780487804878,1297,3522.2444444444445,1293,5TA UNIDAD REGIONAL VALPARAISO,137
281,0.03679023250409437,1334,4,95050591.41694915,1039,413273.80584707647,0,383.56390977443607,1201,4279.1375,1174,SANTIAGO ORIENTE,356
282,0.031856500026613346,1334,1,18043207.807692308,1178,9857035.685907047,0,1508.2758620689656,1276,4252.702127659574,1287,7MA UNIDAD REGIONAL MAULE,225
283,0.09088536304297244,1318,1,75126678.57976654,1061,-2853485.6608497724,0,213.12,1243,3884.764705882353,1250,7MA UNIDAD REGIONAL MAULE,291
284,0.03028181471301616,1317,1,26097849.552941177,1147,-1447773.1556567957,0,3527.3333333333335,1275,4369.5625,1269,SANTIAGO ORIENTE,346
285,0.04610851561230997,1312,0,4584728.810606061,1180,554278.4237804879,0,527.1346153846154,1260,2498.53125,1280,6TA UNIDAD REGIONAL RANCAGUA,382
286,0.024598135953066907,1287,2,9045801.793333333,1137,-3879161.390831391,0,2308.1666666666665,1251,4800.5625,1239,SANTIAGO CENTRO,211
287,0.19254157872920938,1270,1,9683113.72907489,816,-8220774.95511811,0,625.8196721311475,1148,3434.509316770186,1109,SANTIAGO CENTRO,252
288,0.029683401106829887,1269,2,10270797.5,1099,739156.3585500394,0,359.4264705882353,1201,3745.6825396825398,1206,SANTIAGO PONIENTE,270
289,0.04418892185750584,1269,1,31039788.67052023,1096,-17102627.86288416,0,11812.845238095239,1185,3451.660714285714,1213,3RA UNIDAD REGIONAL ATACAMA,639
290,0.029013170316000526,1268,0,6835361.652173913,1084,-538438.6356466877,0,1297.8,1228,6765.7962962962965,1214,SANTIAGO ORIENTE,283
291,0.10098190589212412,1238,30,185772506.92739275,632,-379702564.10016155,0,1118.9176829268292,910,3299.728,738,8VA UNIDAD REGIONAL BIO BIO,217
292,0.027451864936155732,1218,0,13412918.701492537,1084,279498.61247947457,0,431.26666666666665,1188,4422.434782608696,1195,SANTIAGO SUR,205
293,0.04420554328651984,1206,0,21282100.666666668,1104,614082.288557214,0,854.1290322580645,1175,4300.95744680851,1159,SANTIAGO SUR,322
294,0.022557501134399423,1186,2,60384296.969325155,1023,-9425440.295952782,0,1549.9310344827586,1128,3948.0384615384614,1134,8VA UNIDAD REGIONAL BIO BIO,109
295,0.025289678116792915,1175,0,281163560.01578945,985,290286403.5991489,0,793.925,1095,5949.879032258064,1051,SANTIAGO ORIENTE,124
296,0.031851658810853535,1087,0,8187982.915492957,1016,2176720.753449862,0,1305.125,1063,4989.04347826087,1064,SANTIAGO ORIENTE,386
297,0.03490332780007065,1072,1,25209709.839285713,904,-8628830.25,0,2188.7096774193546,1010,2733.2,1012,SANTIAGO CENTRO,140
298,0.029407548341107526,1068,0,26218094.990384616,964,-4995241.673220973,0,516.6744186046511,1025,3816.25,1036,SANTIAGO PONIENTE,93
299,0.07926786318545245,1067,32,21841687.192307692,781,2246858.06841612,0,619.2745098039215,914,1705.8832116788321,793,7MA UNIDAD REGIONAL MAULE,435
300,0.027937960783317915,1064,0,9517236.868525896,813,84871.09210526316,0,659.75,984,4144.232323232323,965,19NA UNIDAD REGIONAL DE LOS RIOS,196
301,0.04401500051029743,1056,2,10179331.792682927,892,3928356.9015151514,0,1258.7096774193549,994,3815.8813559322034,997,8VA UNIDAD REGIONAL BIO BIO,453
302,0.03211711796272711,1055,1,5196183.229946524,868,2247059.0009478675,0,322.203125,991,3755.1477272727275,967,SANTIAGO CENTRO,192
303,0.040971670536852245,1044,0,11824897.420600858,811,-3574331.5526819923,0,619.75,912,2552.4685314685316,901,SANTIAGO PONIENTE,204
304,0.03798009266155859,1042,1,72511244.34730539,875,-18538731.64203455,0,561.5068493150685,969,3499.3186813186812,951,SANTIAGO CENTRO,262
305,0.0517385270542006,1035,2,23687934.319526628,866,-4062192.229951691,0,582.2173913043479,966,3820.0298507462685,968,SANTIAGO NORTE,180
306,0.04385417544127471,1027,0,32029262.66891892,879,-11627223.347614411,0,1834.9827586206898,969,3788.265625,963,SANTIAGO PONIENTE,116
307,0.07887911127946182,1015,1,3588432.8403361347,896,-263057.10935960594,0,1231.547619047619,973,3726.9714285714285,980,SANTIAGO PONIENTE,126
308,0.19998104208492,1011,73,12577803.427659575,541,-18263779.957467854,0,344.2047477744807,674,2851.7158469945357,645,SANTIAGO ORIENTE,230
309,0.04948863554554027,1010,1,43741123.02,960,11534552.77920792,0,22017.0,1000,8527.4,1005,5TA UNIDAD REGIONAL VALPARAISO,516
310,0.027578693156476153,1008,2,17367458.30412371,814,-2708384.0228174604,0,538.4230769230769,930,4164.657534246576,935,SANTIAGO CENTRO,169
311,0.03730668896297331,1000,1,3297257.9572649575,883,576856.53,0,251.05882352941177,966,2501.5384615384614,974,SANTIAGO CENTRO,201
312,0.026635042559321795,994,0,242509464.52413794,849,-13320325.451710261,0,182.67441860465115,951,5053.555555555556,976,SANTIAGO SUR,209
313,0.16573602660898823,972,9,23246173.149425287,885,-3402960.6913580247,0,1406.8064516129032,941,2091.4827586206898,943,8VA UNIDAD REGIONAL BIO BIO,250
314,0.0522886645355422,948,1,170170446.90555555,768,42661547.89029536,0,339.5892857142857,892,4476.89705882353,880,SANTIAGO CENTRO,200
315,0.025422355181718523,948,0,9660871.643478261,833,-344065.35021097044,0,1062.2790697674418,905,4278.977777777778,903,SANTIAGO CENTRO,241
316,0.05579050390386627,929,3,21501052.68852459,807,-1785235.784714747,0,360.3469387755102,880,3011.5862068965516,900,6TA UNIDAD REGIONAL RANCAGUA,481
317,0.028151558481970696,923,1,13334433.434482759,778,-1292622.0292524376,0,320.4533333333333,848,3815.6363636363635,857,SANTIAGO NORTE,284
318,0.039869523139875344,918,0,236119376.4649123,804,-94016571.08496732,0,7412.478260869565,849,2896.9583333333335,846,SANTIAGO SUR,204
319,0.03465192112287017,910,1,8563567.96103896,833,938.3494505494506,0,763.6111111111111,892,3821.5714285714284,889,SANTIAGO PONIENTE,150
320,0.06579808530733883,909,0,6539658.219512195,786,385841.88668866886,0,515.6363636363636,865,3626.787878787879,876,8VA UNIDAD REGIONAL BIO BIO,350
321,0.07501219342426711,906,0,38226339.06875,746,25300663.597130243,0,148.16363636363636,851,3583.076923076923,854,SANTIAGO CENTRO,268
322,0.031803519693761814,869,0,2537245.4693877553,771,5956154.796317606,0,246.07407407407408,842,2683.235294117647,852,SANTIAGO SUR,97
323,0.04986470595858398,857,0,12354183.774193548,764,634543.8063010501,0,1627.8837209302326,814,3971.9591836734694,808,3RA UNIDAD REGIONAL ATACAMA,372
324,0.039888820817737265,846,1,58805684.77073171,641,-15146462.485815603,0,2746.53,746,4839.980263157895,694,SANTIAGO SUR,229
325,0.037938236100115895,845,0,17863250.8907563,726,6737115.041420118,0,1650.4651162790697,802,2613.1136363636365,801,SANTIAGO CENTRO,109
326,0.03302215191069011,834,1,15799965.516778523,685,5689370.824940048,0,238.75862068965517,776,3645.435483870968,772,SANTIAGO ORIENTE,250
327,0.050398006106405914,826,0,77415182.02941176,690,564254.4576271187,0,468.59574468085106,779,2925.418181818182,771,5TA UNIDAD REGIONAL VALPARAISO,206
328,0.020665403871833365,825,0,9812496.866108786,586,2131932.6569696967,0,433.4117647058824,689,3601.878048780488,743,6TA UNIDAD REGIONAL RANCAGUA,519
329,0.02872492294695804,821,2,54023282.1277533,594,-8780275.733252132,0,117.53225806451613,697,3517.8105263157895,726,10MA UNIDAD REGIONAL LOS LAGOS,366
330,0.02933744847948471,819,0,11493197.460063897,506,-5396941.592185592,0,248.34101382488478,602,2113.6666666666665,651,SANTIAGO SUR,136
331,0.030813231329754755,806,1,22597180.910569105,560,-5416617.70967742,0,486.87951807228916,640,2810.4861111111113,662,SANTIAGO PONIENTE,143
332,0.039718117602495925,797,0,18200224.109195404,275,-1543748.5319949812,0,349.6136363636364,753,1768.9238845144357,416,SANTIAGO SUR,216
333,0.045504483005639716,765,1,9430589.373913044,650,941192.2758169934,0,946.2708333333334,717,2912.3611111111113,729,SANTIAGO SUR,170
334,0.026075378337406196,764,1,26034899.212962963,656,-1946477.3782722512,0,1540.2549019607843,713,4382.71875,732,6TA UNIDAD REGIONAL RANCAGUA,425
335,0.06643769215042583,760,0,14700934.061538462,695,90042.22763157895,0,654.9166666666666,736,3177.5,742,SANTIAGO SUR,187
336,0.02940045160041163,751,0,227514076.33333334,601,-17007731.676431425,0,6550.521739130435,659,3030.1458333333335,655,SANTIAGO SUR,130
337,0.024146091845361303,740,0,14494982.253968254,614,-440056.86891891895,0,513.2,695,4291.542857142857,705,8VA UNIDAD REGIONAL BIO BIO,393
338,0.026208809785518844,737,2,49776987.22362869,500,-6111498.900949797,0,851.974358974359,620,4433.973958333333,545,SANTIAGO ORIENTE,217
339,0.06282011856251594,710,1,46674903.55263158,444,34395.281690140844,0,357.23870967741937,555,4109.9699248120305,577,1RA UNIDAD REGIONAL IQUIQUE,466
340,0.04292271048751257,694,0,172134081.31547618,526,-19436831.13112392,0,234.69230769230768,629,3899.5866666666666,619,SANTIAGO ORIENTE,230
341,0.03307877388546695,693,0,2693502.75,637,19319.304473304474,0,6442.333333333333,684,3006.375,685,SANTIAGO SUR,150
342,0.06659997131825994,678,0,49947967.82978723,537,11517008.662241887,0,621.8125,630,4686.981818181818,623,SANTIAGO SUR,167
343,0.08223467278001799,633,0,45205379.35036496,496,12528908.883096367,0,478.94505494505495,542,3789.777777777778,570,5TA UNIDAD REGIONAL VALPARAISO,163
344,0.030716482397909993,621,0,33219582.730496455,480,5740717.927536231,0,158.83636363636364,566,4746.782608695652,529,SANTIAGO ORIENTE,149
345,0.043448317333364635,608,0,53243697.038461536,556,-2286844.509868421,0,700.5333333333333,593,7908.7692307692305,595,5TA UNIDAD REGIONAL VALPARAISO,286
346,0.1101328432573154,604,0,123358211.34615384,526,-301670406.06456953,0,235.75,572,5509.392857142857,576,SANTIAGO SUR,330
347,0.05431027611084095,586,0,37715389.62068965,557,8552346.203071672,0,1349.0714285714287,572,4615.0,570,8VA UNIDAD REGIONAL BIO BIO,329
348,0.03911155461550131,566,0,13218550.889447236,367,15606527.962897526,0,831.9247311827957,473,5111.923611111111,422,SANTIAGO NORTE,156
349,0.05963928115323859,550,6,2510907.321637427,379,-938786.0527272727,0,160.90217391304347,458,2374.092857142857,410,SANTIAGO ORIENTE,144
350,0.06999938498589942,540,0,2994983.9375,476,599785.6537037037,0,117.92857142857143,512,3594.608695652174,517,7MA UNIDAD REGIONAL MAULE,216
351,0.10115661301424139,535,0,82163525.25396825,472,5856319.654205607,0,95.73684210526316,497,4178.482071713147,284,SANTIAGO SUR,241
352,0.03026198682745307,491,0,250885500.95348838,405,-772815.4765784114,0,255.07692307692307,465,3270.9375,459,SANTIAGO SUR,117
353,0.031592660868137654,464,0,4038401.913043478,395,2107387.8922413792,0,298.64285714285717,436,4235.0,439,19NA UNIDAD REGIONAL DE LOS RIOS,190
354,0.05708531236838235,438,1,5169929.956989247,252,176898406.81506848,0,609.4428571428572,368,1774.8703703703704,330,SANTIAGO SUR,52
355,0.03723756932510618,438,0,367688694.0273973,365,40163513.42465753,0,505.54545454545456,405,4311.740740740741,411,9NA UNIDAD REGIONAL TEMUCO,106
356,0.06818304931466768,431,7,1268975.2,346,-10453360.512761021,0,211.58620689655172,402,1725.5,409,SANTIAGO SUR,88
357,0.05108554154576422,400,0,62578254.34328358,333,20872302.075,0,110.2127659574468,353,6177.971830985915,187,8VA UNIDAD REGIONAL BIO BIO,241
358,0.04624934690306815,390,0,70748360.17699115,277,-8485333.538461538,0,197.74,340,4888.615384615385,351,9NA UNIDAD REGIONAL TEMUCO,143
359,0.30303196209224437,374,56,12047474.458333334,206,-18375290.05882353,0,289.5281690140845,232,2051.31914893617,233,SANTIAGO CENTRO,85
360,0.03761608320932169,372,2,7542593.303030303,306,2289932.5322580645,0,212.35714285714286,344,3222.3684210526317,353,SANTIAGO CENTRO,71
361,0.09450693377681534,353,2,77912442.54054055,279,109213799.14164306,0,416.4909090909091,298,4373.0,311,SANTIAGO PONIENTE,75
362,0.043416404325811106,350,0,64707234.315789476,312,14110410.44,0,1209.9130434782608,327,2328.4444444444443,332,21VA DIRECCION REGIONAL CHILLAN,123
363,0.04755392873984812,317,0,1880867.633802817,246,18477173.261829652,0,203.3673469387755,268,2982.431818181818,273,5TA UNIDAD REGIONAL VALPARAISO,185
364,0.05346771301740172,315,0,175837751.54166666,267,24414404.6,0,157.52941176470588,298,3721.8888888888887,297,8VA UNIDAD REGIONAL BIO BIO,263
365,0.053726824378787334,297,0,6647594.24,272,402439.367003367,0,583.5,285,2041.6666666666667,291,2DA UNIDAD REGIONAL ANTOFAGASTA,121
366,0.048291117541130996,296,0,64987920.179487176,257,4442570.006756756,0,192.7,276,3775.8217821782177,195,SANTIAGO SUR,109
367,0.03299827238976968,280,0,9604485.275,240,-568053.15,0,355.6666666666667,262,4576.166666666667,262,SANTIAGO ORIENTE,105
368,0.044810125609901295,279,0,95104361.4057971,210,9428720.039426524,0,364.12,254,4507.357142857143,251,8VA UNIDAD REGIONAL BIO BIO,205
369,0.036121945668963186,268,0,131407261.71428572,233,6097473.376865672,0,184.58333333333334,256,3303.0666666666666,253,SANTIAGO CENTRO,77
370,0.03158644120740199,232,0,28726801.38235294,198,31467291.48275862,0,182.66666666666666,223,4222.333333333333,226,2DA UNIDAD REGIONAL ANTOFAGASTA,87
371,0.05248994673190906,218,0,197605770.05172414,160,224611.30733944953,0,293.88,193,3701.027777777778,182,SANTIAGO CENTRO,64
372,0.04544177875147208,218,0,2999858.8333333335,194,982260.2935779816,0,481.25,214,11120.333333333334,215,8VA UNIDAD REGIONAL BIO BIO,168
373,0.047721554769939965,216,0,19248928.291262135,113,106025166.7037037,0,520.8378378378378,142,2768.5054945054944,125,SANTIAGO ORIENTE,54
374,0.04286459773722592,215,1,147990800.68292683,174,118316029.15813954,0,174.15,195,4485.833333333333,185,SANTIAGO PONIENTE,74
375,0.05429865930301132,198,1,9247624.739130436,175,3012978.085858586,0,279.8181818181818,187,3388.0,190,5TA UNIDAD REGIONAL VALPARAISO,137
376,0.019989623740189286,192,0,1614399.12,167,1265615.0885416667,0,112.9,182,3534.5,188,5TA UNIDAD REGIONAL VALPARAISO,57
377,0.027911749723924545,186,0,129201964.05555555,168,5201018.397849462,0,255.27272727272728,175,5764.404255319149,139,9NA UNIDAD REGIONAL TEMUCO,78
378,0.04006313525719119,185,0,122727134.1111111,140,4424537.540540541,0,321.1304347826087,162,6449.84,160,SANTIAGO CENTRO,45
379,0.026161898033484992,169,0,4430478.315789473,150,-39472.952662721895,0,117.29411764705883,152,1376.4,154,8VA UNIDAD REGIONAL BIO BIO,69
380,0.028300668594498285,162,0,205462741.64788732,91,-74153428.06172839,0,124.27777777777777,126,4170.836734693878,113,SANTIAGO ORIENTE,47
381,0.027377902161411272,150,0,34488410.375,54,20057476.973333333,0,487.037037037037,96,3467.9736842105262,74,6TA UNIDAD REGIONAL RANCAGUA,27
382,0.2351707908331863,143,4,1728607.2173913044,97,-1892013.923076923,0,189.17241379310346,114,1621.2142857142858,115,SANTIAGO SUR,45
383,0.07074755682925672,138,0,8561087.291666666,114,939832.8478260869,0,307.14285714285717,124,8737.25,130,SANTIAGO PONIENTE,35
384,0.0653018545585586,136,0,151050438.08695653,113,33908401.6617647,0,121.88888888888889,127,2727.4444444444443,127,SANTIAGO SUR,79
385,0.03956655218760552,131,0,66274173.14814815,104,-23631419.977099236,0,79.07692307692308,118,3317.157894736842,112,SANTIAGO NORTE,53
387,0.09411624233625529,126,0,1744465.111111111,99,-20572.071428571428,0,72.6875,110,2298.3,116,6TA UNIDAD REGIONAL RANCAGUA,20
386,0.02526599095443819,126,0,9317179.126436781,39,-1268415.5952380951,0,1019.3809523809524,105,1140.1052631578948,88,4TA UNIDAD REGIONAL COQUIMBO,22
388,0.4099960869958313,121,0,67295769.0,86,-14892289.05785124,0,141.58333333333334,109,3492.5416666666665,97,SANTIAGO CENTRO,50
389,0.031046436287752888,113,0,23399938.913043477,90,892985.4778761062,0,59.42857142857143,99,5623.448275862069,55,SANTIAGO PONIENTE,43
390,0.04014607768370795,100,0,2792148.878787879,67,992894.67,0,108.0,85,2622.5333333333333,85,SANTIAGO SUR,25
391,0.050358667980575776,98,0,81827307.27659574,51,32390861.0,0,212.69565217391303,75,3425.7272727272725,65,10MA UNIDAD REGIONAL LOS LAGOS,65
392,0.050917712906471665,94,1,44236978.52941176,60,-12610333.691489361,0,140.21052631578948,75,3307.4583333333335,70,SANTIAGO ORIENTE,47
393,0.04597489027557291,90,0,266620198.07407406,36,136863842.24444443,0,333.9,60,7778.777777777777,45,SANTIAGO CENTRO,14
394,0.017826759734716,70,0,62406476.5,64,9483437.7,0,169.4,65,3777.5625,38,SANTIAGO PONIENTE,35
395,0.05013048716615001,67,0,8537364.56521739,44,4468162.731343283,0,244.6,52,3172.6111111111113,49,SANTIAGO ORIENTE,26
396,0.02548204869098664,60,0,79407781.5,56,755067.6666666666,0,387.0,59,2141.5,50,11RA UNIDAD REGIONAL COYHAIQUE,38
397,0.027686262186951492,57,0,38233673.384615384,31,-26404649.63157895,0,122.53333333333333,42,3285.823529411765,40,SANTIAGO ORIENTE,20
399,0.03881975146475091,56,0,7548844.75,48,56965.66071428572,0,288.8,51,4068.5,52,SANTIAGO SUR,25
398,0.029418815941202762,56,0,52404266.78571428,42,9426075.642857144,0,54.45454545454545,45,7364.907407407408,2,8VA UNIDAD REGIONAL BIO BIO,53
400,0.866881470867129,56,41,346158.83636363636,1,-17833981.30357143,0,31.945454545454545,1,944.5178571428571,0,SANTIAGO CENTRO,34
401,0.025380155589840435,50,0,136385797.0,48,5422751.9,0,54.5,48,2194.222222222222,41,SANTIAGO SUR,28
402,0.033742004118335375,47,0,20787729.0,37,25622791.936170213,0,257.14285714285717,40,7844.5,41,6TA UNIDAD REGIONAL RANCAGUA,25
404,0.019326889491644766,44,0,436695.5,42,26389.727272727272,0,164.0,43,2947.0,43,SANTIAGO CENTRO,1
403,0.0894062980378958,44,0,25129889.6,39,5737081.318181818,0,67.5,42,8126.6,34,2DA UNIDAD REGIONAL ANTOFAGASTA,28
405,0.023664209677057412,43,0,34876152.192307696,17,-39862938.8372093,0,134.15,23,4651.4,33,5TA UNIDAD REGIONAL VALPARAISO,7
406,0.04513188465864873,32,0,116921404.38461539,19,10154292.90625,0,179.5,24,4388.1,22,4TA UNIDAD REGIONAL COQUIMBO,12
407,0.03324828729776394,24,0,57043484.875,8,-73130425.83333333,0,1862.8333333333333,12,4774.529411764706,7,SANTIAGO ORIENTE,11
408,0.016564997952237686,21,0,27142703.5,19,4152424.1904761903,0,28.0,19,3279.6666666666665,18,SANTIAGO SUR,11
410,0.2885733067649482,20,0,1782356.6666666667,17,1257885.5,0,350.0,18,960.0,19,SANTIAGO NORTE,7
409,0.060525778297598365,20,0,125456211.13333334,5,-35266654.0,0,151.1818181818182,9,3741.923076923077,7,SANTIAGO NORTE,9
411,0.03675466810764335,18,0,334367748.0,6,-109381956.05555555,0,394.25,10,6691.833333333333,6,5TA UNIDAD REGIONAL VALPARAISO,17
412,0.510388748482867,16,0,27920225.0,15,3537784.3125,0,1176.0,15,,16,SANTIAGO PONIENTE,6
413,0.2200254016907939,15,0,2118584.0,14,73920.33333333333,0,82.0,14,4808.0,14,SANTIAGO SUR,8
415,0.03235504533702155,14,0,1296669.6666666667,11,242603.85714285713,0,56.0,13,1548.0,13,7MA UNIDAD REGIONAL MAULE,11
414,0.11231813498199487,14,0,4254794.5,12,182420.2142857143,0,94.0,12,2313.0,13,3RA UNIDAD REGIONAL ATACAMA,9
416,0.06369906393313092,13,0,116066696.2,8,142870387.3846154,0,64.66666666666667,10,2596.25,9,SANTIAGO ORIENTE,7
417,0.023066892864836614,13,0,889360.75,9,22163.30769230769,0,83.5,11,,13,SANTIAGO SUR,4
418,0.04441594226288086,13,0,33194416.0,12,41780.846153846156,0,72.0,12,6583.333333333333,10,SANTIAGO PONIENTE,6
419,0.9991090439805839,13,1,0.0,12,-221055.46153846153,0,9.0,11,595.0,11,SANTIAGO ORIENTE,2
420,0.04367122810617278,12,0,2273938.4285714286,5,2512823.0,0,133.42857142857142,5,2126.5,6,5TA UNIDAD REGIONAL VALPARAISO,8
422,0.02185383124787722,12,0,202625.0,11,78207.83333333333,0,32.0,11,794.0,11,8VA UNIDAD REGIONAL BIO BIO,3
421,0.01802810807736424,12,0,7819823.0,11,902633.5,0,43.0,11,3068.0,11,11RA UNIDAD REGIONAL COYHAIQUE,10
423,0.042509547565223925,11,0,5528385.5,7,5709937.636363637,0,104.5,7,3340.8,6,SANTIAGO ORIENTE,9
425,1.0,10,2,0.0,9,-3416725.9,0,17.5,8,862.5,8,SANTIAGO PONIENTE,3
426,8.294841233929939e-06,10,0,44151574.0,0,-3365699.2,0,123.0,9,3697.1,0,SANTIAGO ORIENTE,8
424,0.026030375814515748,10,0,252379.0,9,300195.5,0,65.0,9,1833.0,9,SANTIAGO PONIENTE,6
427,0.010317598948388745,9,0,44985720.0,8,37127967.88888889,0,121.0,8,10751.0,8,9NA UNIDAD REGIONAL TEMUCO,7
428,0.14043089014990143,9,0,107438138.0,8,349729.8888888889,0,62.0,8,4656.875,1,5TA UNIDAD REGIONAL VALPARAISO,9
435,0.061040228730285084,8,0,3167244.0,7,-16054.625,0,18.0,7,,8,7MA UNIDAD REGIONAL MAULE,3
429,0.026233920470099113,8,0,2088706.5,6,2674599.25,0,65.0,6,2923.0,5,8VA UNIDAD REGIONAL BIO BIO,6
432,0.0242267527753626,8,0,998934.5,6,-202795.5,0,14.0,6,1696.0,6,9NA UNIDAD REGIONAL TEMUCO,6
434,0.026367339226402477,8,0,0.0,7,800982.625,0,12.0,7,1489.0,7,3RA UNIDAD REGIONAL ATACAMA,4
433,0.019642347953519976,8,0,1252943.5,6,54346.5,0,34.0,7,1162.0,7,SANTIAGO SUR,5
430,0.024681280966174377,8,0,1920116.0,6,4108196.125,0,37.0,7,,8,10MA UNIDAD REGIONAL LOS LAGOS,6
431,0.027005277059208525,8,0,1519241.0,7,230080.625,0,37.0,7,1352.0,7,7MA UNIDAD REGIONAL MAULE,4
436,0.0221846822186188,7,0,0.0,6,1336533.4285714286,0,11.0,6,1687.0,6,2DA UNIDAD REGIONAL ANTOFAGASTA,7
437,0.18352574207074182,7,0,0.0,5,11463339.142857144,0,14.0,6,1942.0,6,6TA UNIDAD REGIONAL RANCAGUA,5
439,0.0,7,0,,7,2769668.714285714,0,19.0,6,842.0,6,SANTIAGO PONIENTE,2
440,0.0,7,0,0.0,6,38962.0,0,35.0,6,1211.0,6,5TA UNIDAD REGIONAL VALPARAISO,6
438,0.02680302542121909,7,0,239491.0,6,247941.57142857142,0,37.0,6,1136.0,6,SANTIAGO PONIENTE,3
452,0.260710079958259,6,0,62387.0,5,778429.0,0,23.0,5,3236.0,5,SANTIAGO PONIENTE,5
446,0.009754629127405767,6,0,1360302.5,4,204789.5,0,117.0,4,1379.0,5,18VA UNIDAD REGIONAL ARICA Y PARINACOTA,3
441,0.010876185608686148,6,0,690402.0,5,619624.1666666666,0,112.0,5,,6,SANTIAGO PONIENTE,3
451,0.024285150746488317,6,0,790679.0,5,-11148.166666666666,0,36.0,5,,6,SANTIAGO SUR,1
448,0.009558626351700317,6,0,1167750.6666666667,3,-670993.3333333334,0,217.0,5,,6,6TA UNIDAD REGIONAL RANCAGUA,5
442,0.019554184996490653,6,0,1475465.3333333333,3,-2631217.1666666665,0,22.666666666666668,3,3357.0,4,1RA UNIDAD REGIONAL IQUIQUE,3
453,1.0,6,6,158358.0,1,-4805970.833333333,0,11.0,0,522.6666666666666,0,SANTIAGO CENTRO,1
444,0.031989766713777686,6,0,4220284.0,5,-1005716.3333333334,0,306.0,5,1540.0,5,SANTIAGO CENTRO,2
449,0.022664307477765,6,0,3564968.5,4,-569498.8333333334,0,6.5,4,4792.0,4,SANTIAGO SUR,2
443,1.000004710140283,6,6,0.0,0,-19820317.666666668,0,28.166666666666668,0,469.8333333333333,0,Sin Moda,0
450,0.0231034495414587,6,0,60685979.0,5,-3404982.0,0,18.0,5,2992.0,5,SANTIAGO PONIENTE,4
447,0.028995550122326515,6,0,2482.0,4,216368.16666666666,0,37.0,5,3145.0,5,SANTIAGO SUR,4
445,1.4510286285167339e-05,6,0,68791626.0,5,1071002.8333333333,0,133.0,5,2906.5,0,SANTIAGO ORIENTE,6
455,1.770707640261177e-05,5,0,5699587.0,4,19282.6,0,4.0,4,470.0,4,SANTIAGO PONIENTE,2
459,0.01811646433614776,5,0,181290.5,3,2500081.0,0,28.0,4,937.0,4,SANTIAGO ORIENTE,2
461,0.01599927346287356,5,0,0.0,4,236513.8,0,7.0,4,,5,7MA UNIDAD REGIONAL MAULE,2
463,0.0,5,0,4148552.0,4,-723211.4,0,21.0,4,1499.0,4,SANTIAGO PONIENTE,4
454,1.0000486964045527,5,5,0.0,0,-42084752.8,0,29.0,0,670.0,0,SANTIAGO ORIENTE,5
456,0.16030496679591302,5,0,0.0,4,-54401.4,0,14.0,4,2346.0,4,5TA UNIDAD REGIONAL VALPARAISO,4
462,0.02413833991077068,5,0,195606.0,4,232815.4,0,15.0,4,2996.0,4,SANTIAGO CENTRO,3
460,0.024059247640982478,5,0,6553221.5,3,136280.4,0,15.0,4,6638.0,4,SANTIAGO PONIENTE,3
458,0.03017492598971802,5,0,0.0,3,628545.8,0,9.0,4,,5,19NA UNIDAD REGIONAL DE LOS RIOS,4
457,0.021857769516222918,5,0,188284.0,4,431070.8,0,54.0,4,1354.0,4,SANTIAGO PONIENTE,3
477,2.749546902156542e-05,4,0,0.0,1,4219782.0,0,6.0,3,3950.0,3,6TA UNIDAD REGIONAL RANCAGUA,4
473,2.40543070850238e-05,4,0,283915.0,3,-54411.0,0,17.0,3,,4,SANTIAGO CENTRO,2
486,0.0,4,0,1809776.3333333333,1,5498706.5,0,18.0,1,1448.3333333333333,1,11RA UNIDAD REGIONAL COYHAIQUE,1
472,0.09128354243048822,4,0,16451811.0,3,3272998.0,0,11.0,3,1271.5,2,7MA UNIDAD REGIONAL MAULE,4
466,0.01565090273944455,4,0,553124.0,3,3140898.5,0,279.0,3,1261.0,3,3RA UNIDAD REGIONAL ATACAMA,2
465,0.025839188174020825,4,0,98559.0,3,777411.0,0,22.0,3,1952.0,3,8VA UNIDAD REGIONAL BIO BIO,4
481,0.0007464191401756999,4,0,2388764.0,3,-289863.75,0,29.0,3,,4,SANTIAGO PONIENTE,3
471,0.0,4,0,5.25,0,-1335836.0,0,7.75,0,1581.0,0,SANTIAGO PONIENTE,3
479,0.008204746586907775,4,0,497877.0,3,61295.25,0,9.0,3,588.0,3,1RA UNIDAD REGIONAL IQUIQUE,3
476,0.3333333333333333,4,1,204.66666666666666,1,1394356.5,0,17.5,0,1298.0,3,10MA UNIDAD REGIONAL LOS LAGOS,4
470,0.0253795947453154,4,0,15282133.333333334,1,-14027320.25,0,86.0,1,2964.5,2,7MA UNIDAD REGIONAL MAULE,2
487,0.025359189117490726,4,0,115412.0,2,82114.75,0,12.0,3,1052.0,3,2DA UNIDAD REGIONAL ANTOFAGASTA,4
483,0.024872808217654273,4,0,518023.5,2,7352.75,0,5.0,3,566.0,3,1RA UNIDAD REGIONAL IQUIQUE,2
474,0.0229346656023904,4,0,3556689.0,3,-735153.5,0,100.0,3,1249.0,3,2DA UNIDAD REGIONAL ANTOFAGASTA,1
482,0.01714239725728195,4,0,3531001.0,3,7110969.75,0,6.0,3,3819.5,2,6TA UNIDAD REGIONAL RANCAGUA,4
478,0.02115034539996208,4,0,133690.0,3,19217.5,0,5.0,3,1155.0,3,7MA UNIDAD REGIONAL MAULE,3
469,0.02045145471477255,4,0,585384.0,3,315545.75,0,28.0,3,1994.0,3,SANTIAGO SUR,3
480,0.022410053008832573,4,0,0.0,2,1555889.5,0,16.0,3,1130.0,3,SANTIAGO PONIENTE,2
464,0.0264720126860483,4,0,122571.0,3,539182.5,0,13.0,3,1049.0,3,SANTIAGO PONIENTE,4
475,0.02219044860559105,4,0,99992.0,2,780829.25,0,62.5,2,2394.0,3,SANTIAGO ORIENTE,2
467,0.034185146371237374,4,0,0.0,3,589679.25,0,26.0,3,1666.0,3,SANTIAGO PONIENTE,2
488,0.75,4,3,203405.75,0,-43481895.25,0,35.5,0,1451.25,0,6TA UNIDAD REGIONAL RANCAGUA,4
484,0.9943480449723723,4,2,0.0,3,-29885673.0,0,24.5,2,693.0,2,SANTIAGO CENTRO,1
485,0.09015344901457632,4,0,1400906.0,3,14220.0,0,16.0,3,631.0,3,2DA UNIDAD REGIONAL ANTOFAGASTA,3
468,0.0,4,0,5242868.666666667,1,-840513.75,0,16.0,3,2833.25,0,SANTIAGO ORIENTE,4
528,0.5,3,1,0.0,0,-8304161.666666667,0,5.0,0,1673.5,1,7MA UNIDAD REGIONAL MAULE,3
491,0.019673044511983498,3,0,10272911.0,2,-2255501.3333333335,0,43.0,2,665.0,2,1RA UNIDAD REGIONAL IQUIQUE,2
490,0.013774756501024067,3,0,5394031.0,2,-2890806.0,0,563.0,2,1239.0,2,SANTIAGO SUR,2
526,0.013969870360665666,3,0,5652859.0,2,5094175.0,0,50.0,2,2386.0,2,SANTIAGO NORTE,2
502,0.014633590711344601,3,0,5344696.0,2,397184.6666666667,0,90.0,2,,3,5TA UNIDAD REGIONAL VALPARAISO,3
533,0.0167366839360817,3,0,45194.0,2,42438.0,0,18.0,2,1291.0,2,6TA UNIDAD REGIONAL RANCAGUA,2
518,0.0176010204320115,3,0,2746.0,2,14286.666666666666,0,5.0,2,608.0,2,10MA UNIDAD REGIONAL LOS LAGOS,1
499,0.18257464725967912,3,0,12567437.0,2,-2536101.6666666665,0,32.0,2,1177.0,2,SANTIAGO SUR,3
494,0.009119888267700634,3,0,398246.0,1,13964561.0,0,19.5,1,2402.5,1,8VA UNIDAD REGIONAL BIO BIO,2
495,0.062086405757250364,3,0,0.0,2,83733.0,0,3.0,2,1038.0,2,9NA UNIDAD REGIONAL TEMUCO,3
532,0.012343610435824534,3,0,0.0,1,99970.66666666667,0,4.0,2,1198.0,2,7MA UNIDAD REGIONAL MAULE,2
493,0.013273630808249665,3,0,246680.0,2,31993.0,0,24.0,2,1164.0,2,7MA UNIDAD REGIONAL MAULE,2
524,0.023590017263000734,3,0,34011.0,2,159665.66666666666,0,3.0,2,868.0,2,3RA UNIDAD REGIONAL ATACAMA,1
508,0.023906558082991535,3,0,0.0,2,8911768.0,0,17.0,2,2020.0,1,SANTIAGO PONIENTE,2
498,0.0242460273350262,3,0,864208.0,2,89947.33333333333,0,4.0,2,603.0,2,SANTIAGO CENTRO,1
520,0.02478632048749003,3,0,0.0,2,2154778.0,0,15.0,2,1112.0,2,SANTIAGO ORIENTE,2
522,0.056875404789025565,3,0,14430344.0,2,-104840.0,0,11.0,2,1806.0,2,SANTIAGO CENTRO,1
536,0.046738424630390796,3,0,89092407.0,2,-31934809.0,0,59.0,2,3360.0,2,SANTIAGO PONIENTE,2
497,0.0419476310608404,3,0,0.0,2,315011.3333333333,0,3.0,2,1092.0,2,SANTIAGO ORIENTE,1
492,0.0103523385522003,3,0,5617135.0,1,-877411.0,0,47.5,1,1137.0,2,8VA UNIDAD REGIONAL BIO BIO,3
514,2.501232914433196e-05,3,0,6986771.333333333,0,-2359985.0,0,98.0,2,3868.0,0,SANTIAGO CENTRO,2
506,0.0011815439985309,3,0,0.0,2,386530.6666666667,0,2.0,2,12439.0,2,5TA UNIDAD REGIONAL VALPARAISO,3
537,1.0,3,3,137492.0,0,-26469029.666666668,0,54.0,0,1784.6666666666667,0,SANTIAGO NORTE,1
541,0.0,3,0,2688067.0,2,-119615.0,0,82.0,2,,3,9NA UNIDAD REGIONAL TEMUCO,1
539,0.0,3,0,1266.6666666666667,0,0.0,0,2.0,0,1216.0,0,SANTIAGO CENTRO,1
538,0.0,3,0,16081808.0,2,-87246.0,0,32.0,2,2306.0,2,19NA UNIDAD REGIONAL DE LOS RIOS,2
534,0.0,3,0,0.0,2,652252.6666666666,0,2.5,1,6424.0,1,5TA UNIDAD REGIONAL VALPARAISO,2
531,0.0,3,0,3129397.0,2,-525108.0,0,21.0,2,7800.0,2,SANTIAGO CENTRO,2
529,0.0,3,0,47500.0,2,21252.666666666668,0,2.0,2,1305.0,2,5TA UNIDAD REGIONAL VALPARAISO,2
516,0.05191045334400499,3,0,0.0,2,490415.6666666667,0,2.0,2,988.0,2,7MA UNIDAD REGIONAL MAULE,1
510,0.0,3,0,0.0,2,734997.0,0,7.0,2,2480.0,2,2DA UNIDAD REGIONAL ANTOFAGASTA,3
511,0.0020041437493935666,3,0,582929.3333333334,0,-8850133.666666666,0,17.0,0,1427.6666666666667,0,10MA UNIDAD REGIONAL LOS LAGOS,3
505,0.019699365008956266,3,0,0.0,2,2347250.0,0,31.0,2,1871.0,2,8VA UNIDAD REGIONAL BIO BIO,2
515,0.020799812145712932,3,0,180891.0,2,250051.33333333334,0,5.0,2,840.0,2,5TA UNIDAD REGIONAL VALPARAISO,2
521,0.022026912753041267,3,0,207635.0,2,185003.0,0,4.0,2,1191.0,2,9NA UNIDAD REGIONAL TEMUCO,2
509,0.022161509950277564,3,0,1452517.0,2,117836.66666666667,0,21.0,2,930.0,2,SANTIAGO PONIENTE,2
489,0.022880669367237132,3,0,0.0,2,1272373.6666666667,0,5.0,2,1058.0,2,8VA UNIDAD REGIONAL BIO BIO,1
501,0.0369375375877567,3,0,0.0,2,8388130.666666667,0,117.0,2,7430.0,2,SANTIAGO ORIENTE,1
500,0.0320048529765393,3,0,4933934.0,2,-2228663.3333333335,0,52.0,2,2033.0,2,SANTIAGO ORIENTE,1
527,0.0,3,0,163188.0,2,9242.0,0,4.0,2,1718.0,2,9NA UNIDAD REGIONAL TEMUCO,2
503,0.6666666666666666,3,2,0.0,0,-21440690.0,0,9.0,0,1696.3333333333333,0,7MA UNIDAD REGIONAL MAULE,2
540,0.6666666666666666,3,2,8867677.333333334,0,-13009639.666666666,0,24.666666666666668,0,1813.6666666666667,0,SANTIAGO NORTE,1
525,0.9999949137369791,3,1,106804.0,0,-24693796.333333332,0,13.0,0,1989.6666666666667,0,11RA UNIDAD REGIONAL COYHAIQUE,1
519,0.5579907115672492,3,1,13224888.666666666,0,-30053120.333333332,0,58.0,0,2422.3333333333335,0,1RA UNIDAD REGIONAL IQUIQUE,3
507,1.0,3,3,26891.0,2,-16805562.333333332,0,17.666666666666668,0,1491.0,2,10MA UNIDAD REGIONAL LOS LAGOS,2
512,1.0,3,3,,3,-24447714.666666668,0,13.0,0,1626.5,1,8VA UNIDAD REGIONAL BIO BIO,2
530,0.025849293816761137,3,0,12169067.0,2,-2749485.6666666665,0,23.0,2,3172.0,2,8VA UNIDAD REGIONAL BIO BIO,3
523,1.0000116242883608,3,3,85817.66666666667,0,-13751831.333333334,0,17.333333333333332,0,466.3333333333333,0,Sin Moda,0
517,0.0256727658054148,3,0,1510182.0,2,-732697.6666666666,0,51.0,2,4779.0,2,1RA UNIDAD REGIONAL IQUIQUE,2
535,1.0,3,3,,3,-12085064.666666666,0,65.0,0,1550.0,0,8VA UNIDAD REGIONAL BIO BIO,3
504,0.025266056782411162,3,0,4327734.666666667,0,-3797448.3333333335,0,23.0,0,1704.0,2,4TA UNIDAD REGIONAL COQUIMBO,3
513,0.025221828536408832,3,0,848122.0,2,205831.0,0,34.0,2,2502.0,2,5TA UNIDAD REGIONAL VALPARAISO,3
496,0.025039917676045503,3,0,9216169.5,1,-8322954.0,0,59.5,1,1911.5,1,19NA UNIDAD REGIONAL DE LOS RIOS,3
714,0.0,2,0,0.0,1,31005.5,0,3.0,1,1835.0,1,SANTIAGO CENTRO,1
605,0.0,2,0,4049909.0,0,-6869750.5,0,32.0,1,1041.0,0,SANTIAGO SUR,2
607,0.0,2,0,0.0,0,45015.5,0,3.0,1,6909.5,0,SANTIAGO CENTRO,2
608,0.0,2,0,198284.0,0,1940.5,0,38.0,1,6773.5,0,2DA UNIDAD REGIONAL ANTOFAGASTA,1
617,0.0,2,0,79832.0,1,232620.5,0,1.0,1,2912.0,1,7MA UNIDAD REGIONAL MAULE,1
653,1.0,2,2,156376.0,1,-79371.0,0,14.0,1,1590.0,1,10MA UNIDAD REGIONAL LOS LAGOS,2
606,1.0,2,2,76470.0,0,-17373829.0,0,43.0,0,1788.5,0,SANTIAGO CENTRO,1
578,1.0,2,2,2307216.5,0,-7875643.0,0,21.0,0,1764.0,0,SANTIAGO ORIENTE,2
715,1.0,2,2,505465.0,0,-95941309.0,0,46.5,0,1224.5,0,7MA UNIDAD REGIONAL MAULE,2
683,1.0,2,2,0.0,0,-26051274.5,0,15.0,0,1190.0,0,5TA UNIDAD REGIONAL VALPARAISO,1
690,1.0,2,2,0.0,0,-89574042.5,0,23.5,0,1646.0,1,8VA UNIDAD REGIONAL BIO BIO,2
695,1.0,2,1,,2,-20343657.0,0,54.0,1,862.0,0,SANTIAGO ORIENTE,1
611,0.0,2,0,2864500.0,1,124812.5,0,56.0,1,2184.0,1,SANTIAGO PONIENTE,2
632,0.0,2,0,107374.5,0,-92285.0,0,16.0,1,,2,18VA UNIDAD REGIONAL ARICA Y PARINACOTA,2
563,1.0,2,1,,2,-20916046.0,0,13.5,0,977.0,0,SANTIAGO CENTRO,2
633,0.0,2,0,136800.0,1,1617475.0,0,1.0,1,,2,8VA UNIDAD REGIONAL BIO BIO,2
620,0.0,2,0,4662184.0,1,1898403.0,0,1.0,1,2814.0,1,SANTIAGO ORIENTE,2
602,0.0,2,0,89911.0,1,94256.5,0,1.0,1,,2,6TA UNIDAD REGIONAL RANCAGUA,1
604,0.0,2,0,32465.0,1,-7850.5,0,4.0,1,1087.0,1,SANTIAGO NORTE,2
623,0.00115758710459195,2,0,0.0,0,369935.5,0,3.0,1,2480.0,1,10MA UNIDAD REGIONAL LOS LAGOS,1
621,0.00112703869728605,2,0,0.0,1,421236.0,0,3.0,1,1856.0,1,10MA UNIDAD REGIONAL LOS LAGOS,1
559,0.00107311047232075,2,0,0.0,1,2137902.0,0,1.0,1,1659.0,1,9NA UNIDAD REGIONAL TEMUCO,1
709,0.0009793310474533,2,0,191576.0,0,10617.5,0,1.0,1,6198.0,1,10MA UNIDAD REGIONAL LOS LAGOS,2
542,0.0009391112702133,2,0,870345.0,0,-2187581.0,0,5.5,0,4046.0,1,7MA UNIDAD REGIONAL MAULE,2
662,0.0007184400063063,2,0,561096.0,0,-19386.5,0,5.5,0,2143.0,0,10MA UNIDAD REGIONAL LOS LAGOS,1
555,0.00064330176394295,2,0,666727.5,0,24004.0,0,2.0,1,618.5,0,5TA UNIDAD REGIONAL VALPARAISO,1
618,0.0,2,0,4272122.0,1,-3271918.0,0,4.0,1,,2,7MA UNIDAD REGIONAL MAULE,2
609,0.0,2,0,776381.5,0,-660790.0,0,71.5,0,1918.0,1,5TA UNIDAD REGIONAL VALPARAISO,2
657,0.0,2,0,,2,0.0,0,1.0,1,2310.0,1,5TA UNIDAD REGIONAL VALPARAISO,1
729,0.0,2,0,1025.0,0,-9101908.0,0,11.0,0,1601.5,0,SANTIAGO CENTRO,1
730,0.0,2,0,37891.0,0,1189.5,0,1.0,1,692.0,1,SANTIAGO SUR,2
601,0.0,2,0,11400.0,1,0.0,0,1.0,1,599.5,0,4TA UNIDAD REGIONAL COQUIMBO,2
656,0.0,2,0,0.0,0,-27799447.0,0,100.0,1,1703.0,0,SANTIAGO CENTRO,2
655,0.0,2,0,1026.0,0,503066.5,0,5.0,1,1029.5,0,8VA UNIDAD REGIONAL BIO BIO,1
612,0.0,2,0,590520.0,1,9232.5,0,2.0,1,,2,5TA UNIDAD REGIONAL VALPARAISO,2
713,0.0,2,0,0.0,0,-4969869.5,0,44.0,0,974.0,1,SANTIAGO CENTRO,1
613,0.0,2,0,21783899.0,0,-16261286.0,0,3.0,1,3005.5,0,SANTIAGO ORIENTE,2
614,0.0,2,0,37893.0,1,0.0,0,2.0,1,10150.5,0,5TA UNIDAD REGIONAL VALPARAISO,2
719,1.0,2,1,0.0,0,34600708.5,0,7.0,0,1862.5,0,SANTIAGO CENTRO,1
615,0.0,2,0,488696.0,0,332926.0,0,17.0,1,,2,1RA UNIDAD REGIONAL IQUIQUE,2
616,0.0,2,0,3495379.0,1,42403.5,0,35.0,1,3936.0,0,SANTIAGO CENTRO,2
634,0.0,2,0,7799449.0,1,-9547314.5,0,11.0,1,1954.0,1,8VA UNIDAD REGIONAL BIO BIO,1
712,0.0,2,0,0.0,1,0.0,0,1.0,1,1980.5,0,3RA UNIDAD REGIONAL ATACAMA,2
603,0.0,2,0,0.0,0,-683716.0,0,3.0,1,950.5,0,8VA UNIDAD REGIONAL BIO BIO,1
731,0.0,2,0,427920.0,1,138990.5,0,10.0,1,1707.0,1,21VA DIRECCION REGIONAL CHILLAN,2
707,0.0,2,0,264436832.0,1,-232179547.5,0,380.0,1,3107.0,1,8VA UNIDAD REGIONAL BIO BIO,2
706,0.0,2,0,576520.0,0,-143379.0,0,3.0,0,1291.5,0,18VA UNIDAD REGIONAL ARICA Y PARINACOTA,1
679,0.0,2,0,0.0,1,2069272.0,0,1.0,1,1382.0,1,8VA UNIDAD REGIONAL BIO BIO,2
693,0.0,2,0,0.0,1,23349.0,0,1.0,1,1994.0,1,SANTIAGO CENTRO,2
694,0.0,2,0,4674976.0,1,-1337223.5,0,8.0,1,6446.0,1,9NA UNIDAD REGIONAL TEMUCO,2
549,0.0,2,0,3406461.0,1,-1110079.5,0,25.0,1,5062.0,1,19NA UNIDAD REGIONAL DE LOS RIOS,2
550,0.0,2,0,2015.0,1,46549.0,0,2.0,1,1170.0,1,12MA UNIDAD REGIONAL MAGALLANES,2
551,0.0,2,0,317349.0,1,23804.5,0,2.0,1,884.0,1,SANTIAGO CENTRO,1
680,0.0,2,0,161996.5,0,159486.0,0,4.0,1,1975.0,1,10MA UNIDAD REGIONAL LOS LAGOS,2
681,0.0,2,0,3495379.0,1,156750.0,0,35.0,1,3936.0,0,SANTIAGO CENTRO,2
682,0.0,2,0,32848.0,1,1130.5,0,7.0,1,1210.0,1,18VA UNIDAD REGIONAL ARICA Y PARINACOTA,1
600,2.7583366918893167e-05,2,0,0.0,1,16795782.5,0,2.0,1,3752.0,1,SANTIAGO ORIENTE,2
685,0.0,2,0,0.0,1,551345.5,0,12.0,1,1206.0,1,19NA UNIDAD REGIONAL DE LOS RIOS,1
686,0.0,2,0,17899.0,1,-1461789.0,0,14.0,1,1580.0,1,4TA UNIDAD REGIONAL COQUIMBO,1
687,0.0,2,0,104932.0,1,51540.5,0,4.0,1,1351.5,0,6TA UNIDAD REGIONAL RANCAGUA,2
566,0.0,2,0,2395.0,1,5588.0,0,1.0,1,418.0,1,19NA UNIDAD REGIONAL DE LOS RIOS,1
642,0.0,2,0,239496.0,1,124060.0,0,1.0,1,11374.0,1,10MA UNIDAD REGIONAL LOS LAGOS,2
678,0.0,2,0,299703.0,1,12686.5,0,5.0,1,2397.0,1,SANTIAGO CENTRO,1
677,0.0,2,0,0.0,1,104804.5,0,2.0,1,,2,18VA UNIDAD REGIONAL ARICA Y PARINACOTA,2
670,0.0,2,0,0.0,1,-4109418.0,0,3.0,0,1291.0,1,SANTIAGO ORIENTE,1
726,0.0,2,0,250800.0,0,49670.5,0,1.0,1,1549.0,0,5TA UNIDAD REGIONAL VALPARAISO,1
727,0.0,2,0,798319.0,1,1044657.5,0,2.0,1,,2,5TA UNIDAD REGIONAL VALPARAISO,1
728,0.0,2,0,313826.0,1,-594055.0,0,50.0,1,3198.0,0,5TA UNIDAD REGIONAL VALPARAISO,2
684,0.0,2,0,0.0,1,0.0,0,1.0,1,3418.0,1,1RA UNIDAD REGIONAL IQUIQUE,1
571,1.0,2,2,0.0,0,-2500121.0,0,4.5,0,456.0,0,Sin Moda,0
565,1.0,2,2,,2,-23476047.5,0,76.0,1,1546.5,0,8VA UNIDAD REGIONAL BIO BIO,2
644,1.0,2,2,0.0,0,-59971472.5,0,6.0,0,2335.0,0,5TA UNIDAD REGIONAL VALPARAISO,1
705,0.0,2,0,515494.0,1,63907.0,0,3.0,1,5327.0,0,SANTIAGO NORTE,2
688,0.0,2,0,169697.5,0,-159675.5,0,18.0,1,1280.0,1,5TA UNIDAD REGIONAL VALPARAISO,2
696,0.0,2,0,3887.0,1,72751.5,0,257.0,1,2695.0,1,SANTIAGO CENTRO,2
716,0.0,2,0,142.5,0,0.0,0,1.0,1,614.0,0,SANTIAGO ORIENTE,1
552,0.0,2,0,0.0,1,114234.5,0,13.0,1,4011.0,0,9NA UNIDAD REGIONAL TEMUCO,2
553,0.0,2,0,0.0,1,371243.5,0,1.0,1,975.0,1,10MA UNIDAD REGIONAL LOS LAGOS,1
556,0.0,2,0,3535893.0,1,-1386018.5,0,16.0,1,,2,SANTIAGO ORIENTE,2
557,0.0,2,0,0.0,1,-1161850.0,0,6.5,0,1257.5,0,9NA UNIDAD REGIONAL TEMUCO,2
708,0.0,2,0,77682.0,0,-31064.0,0,7.5,0,1010.0,0,1RA UNIDAD REGIONAL IQUIQUE,2
659,0.9999923706054688,2,1,0.0,1,-11981840.0,0,24.0,1,5558.0,1,5TA UNIDAD REGIONAL VALPARAISO,1
702,0.0,2,0,470918.0,1,304379.5,0,14.0,1,,2,7MA UNIDAD REGIONAL MAULE,1
700,0.0,2,0,2262675.5,0,2796.5,0,2.0,1,3517.0,0,SANTIAGO ORIENTE,2
699,0.0,2,0,3291768.0,1,-42403.5,0,36.0,1,3936.0,0,SANTIAGO CENTRO,2
562,0.0,2,0,5084135.0,0,-7218648.0,0,51.0,1,2153.5,0,7MA UNIDAD REGIONAL MAULE,1
717,0.0,2,0,1531739.0,1,73174.5,0,1.0,1,,2,21VA DIRECCION REGIONAL CHILLAN,1
567,0.0,2,0,2021.0,0,-7437510.0,0,30.0,0,1573.0,0,SANTIAGO CENTRO,1
724,1.0,2,1,0.0,0,-11388400.0,0,33.0,1,1898.0,1,SANTIAGO ORIENTE,2
689,0.0,2,0,1201927.5,0,16635.0,0,35.0,1,5236.0,1,SANTIAGO CENTRO,1
691,0.0,2,0,537124.0,1,-352666.5,0,14.0,1,,2,1RA UNIDAD REGIONAL IQUIQUE,1
692,0.0,2,0,93619.5,0,-14554012.5,0,35.0,1,2055.0,0,SANTIAGO NORTE,1
560,0.0,2,0,1024521.0,1,209703.0,0,1.0,1,,2,9NA UNIDAD REGIONAL TEMUCO,2
654,0.0,2,0,395335.0,1,-248678.0,0,40.0,1,,2,6TA UNIDAD REGIONAL RANCAGUA,2
732,0.0,2,0,0.0,1,18087.0,0,2.0,1,1035.0,1,3RA UNIDAD REGIONAL ATACAMA,1
652,0.0,2,0,38102.0,1,-5929319.5,0,1522.0,1,2352.0,0,5TA UNIDAD REGIONAL VALPARAISO,1
638,0.0,2,0,190108.0,1,-137248.0,0,2.0,1,2572.0,1,5TA UNIDAD REGIONAL VALPARAISO,2
651,0.0,2,0,209000.0,0,40175.5,0,2.0,1,5947.0,0,4TA UNIDAD REGIONAL COQUIMBO,1
650,0.0,2,0,358307.0,1,-50586.5,0,2.0,1,4119.0,1,SANTIAGO NORTE,1
649,0.0,2,0,30690.0,1,-169288.5,0,3.0,1,,2,10MA UNIDAD REGIONAL LOS LAGOS,2
647,0.0,2,0,,2,-2043450.0,0,43.0,1,1908.5,0,8VA UNIDAD REGIONAL BIO BIO,2
573,0.0,2,0,7434700.0,1,-95000.0,0,39.0,1,5827.0,0,SANTIAGO ORIENTE,2
543,0.09852515696970715,2,0,694796.0,0,-16415.0,0,5.0,0,741.0,1,SANTIAGO PONIENTE,2
594,0.0731896919328699,2,0,2446576.0,1,-1203424.5,0,46.0,1,1092.0,1,5TA UNIDAD REGIONAL VALPARAISO,1
582,0.0,2,0,127378.0,1,-93464.0,0,17.0,1,2233.0,1,4TA UNIDAD REGIONAL COQUIMBO,2
725,0.0,2,0,0.0,1,-2748151.0,0,7.0,0,1587.0,0,9NA UNIDAD REGIONAL TEMUCO,2
673,0.0,2,0,0.0,1,850103.0,0,11.0,1,2521.0,1,7MA UNIDAD REGIONAL MAULE,1
674,0.0,2,0,146341.0,1,1044214.5,0,135.0,1,1376.0,1,SANTIAGO PONIENTE,2
675,0.0,2,0,914064.0,1,-202523.5,0,3.0,1,,2,SANTIAGO CENTRO,1
704,0.0,2,0,0.0,1,4532.5,0,2.0,1,2878.0,1,7MA UNIDAD REGIONAL MAULE,2
569,0.0,2,0,3671.0,0,-329068.0,0,2.5,0,591.0,0,SANTIAGO SUR,2
570,0.0,2,0,4750.0,1,2072.0,0,5.0,1,1318.0,1,6TA UNIDAD REGIONAL RANCAGUA,1
703,0.0,2,0,285705.0,0,-146593.5,0,11.0,1,1401.0,1,SANTIAGO NORTE,1
676,0.0,2,0,3176132.0,1,8122.5,0,12.0,1,4845.5,0,SANTIAGO ORIENTE,2
718,0.0,2,0,0.0,0,72804.5,0,1.0,1,1107.0,0,1RA UNIDAD REGIONAL IQUIQUE,2
720,0.0,2,0,0.0,0,0.0,0,2.0,1,857.0,1,5TA UNIDAD REGIONAL VALPARAISO,1
721,0.0,2,0,0.0,1,0.0,0,1.0,1,5111.0,1,7MA UNIDAD REGIONAL MAULE,2
723,0.0,2,0,0.0,1,-1148335.0,0,39.0,1,1063.0,1,SANTIAGO CENTRO,1
547,0.0,2,0,2005458.0,1,-2409553.0,0,97.0,1,1298.0,1,8VA UNIDAD REGIONAL BIO BIO,2
545,1.0,2,1,,2,-8507060.0,0,39.0,1,862.0,0,SANTIAGO CENTRO,1
671,0.0,2,0,0.0,0,180412.0,0,27.0,1,,2,21VA DIRECCION REGIONAL CHILLAN,2
658,0.0,2,0,2378170.0,1,7067641.5,0,11.0,1,988.0,1,2DA UNIDAD REGIONAL ANTOFAGASTA,1
669,0.0,2,0,791339.0,0,33266.0,0,3.0,1,3964.0,0,5TA UNIDAD REGIONAL VALPARAISO,1
667,0.0,2,0,3800.0,1,0.0,0,1.0,1,,2,8VA UNIDAD REGIONAL BIO BIO,2
665,0.0,2,0,695091.0,1,-269073.0,0,14.0,1,2418.5,0,3RA UNIDAD REGIONAL ATACAMA,2
663,0.0,2,0,144254.0,1,-55348.5,0,7.0,1,1953.0,1,5TA UNIDAD REGIONAL VALPARAISO,2
661,0.0,2,0,155225.0,1,46056.0,0,3.0,1,,2,SANTIAGO PONIENTE,1
660,0.0,2,0,61293.0,1,735257.0,0,1.0,1,1238.0,1,10MA UNIDAD REGIONAL LOS LAGOS,2
636,0.0,2,0,188783.0,1,19394.5,0,1.0,1,7650.0,1,7MA UNIDAD REGIONAL MAULE,1
637,0.0,2,0,0.0,1,129891.5,0,2.0,1,884.0,1,SANTIAGO CENTRO,2
635,0.0,2,0,26017471.0,1,-26042950.5,0,51.0,1,1845.5,0,10MA UNIDAD REGIONAL LOS LAGOS,1
640,0.0,2,0,0.0,1,1894429.0,0,3.0,1,,2,7MA UNIDAD REGIONAL MAULE,1
641,0.0,2,0,77471.0,0,1701.5,0,16.0,1,,2,5TA UNIDAD REGIONAL VALPARAISO,2
698,0.0,2,0,107452.5,0,-97453.0,0,67.0,1,4241.0,1,SANTIAGO ORIENTE,2
697,0.0,2,0,0.0,1,-67013.5,0,3.0,1,,2,4TA UNIDAD REGIONAL COQUIMBO,1
672,0.0,2,0,0.0,0,23144.5,0,3.0,1,1019.0,1,5TA UNIDAD REGIONAL VALPARAISO,1
646,0.0,2,0,136831.0,1,110655.0,0,5.0,1,5876.0,1,5TA UNIDAD REGIONAL VALPARAISO,2
645,0.0,2,0,220804.0,1,-173154.5,0,30.0,1,5558.5,0,9NA UNIDAD REGIONAL TEMUCO,2
643,0.0,2,0,7718291.0,1,-4310294.5,0,5.0,1,,2,6TA UNIDAD REGIONAL RANCAGUA,1
734,0.0,2,0,986719.0,1,-363538.0,0,43.0,1,,2,3RA UNIDAD REGIONAL ATACAMA,2
735,0.0,2,0,1595649.0,0,16282.5,0,1.0,1,985.0,0,SANTIAGO ORIENTE,1
736,0.0,2,0,0.0,1,0.0,0,1.0,1,6419.0,0,5TA UNIDAD REGIONAL VALPARAISO,1
733,0.0,2,0,0.0,1,1394842.0,0,5.0,1,1162.0,1,5TA UNIDAD REGIONAL VALPARAISO,2
639,0.0,2,0,0.0,1,8927.0,0,110.0,1,5000.0,1,10MA UNIDAD REGIONAL LOS LAGOS,2
577,0.0,2,0,793092.0,0,0.0,0,36.0,1,6525.5,0,SANTIAGO ORIENTE,2
579,0.0,2,0,0.0,0,386748.0,0,1.0,1,3824.5,0,9NA UNIDAD REGIONAL TEMUCO,2
581,0.0,2,0,0.0,0,2319.0,0,1.0,1,977.5,0,SANTIAGO PONIENTE,2
584,0.0,2,0,0.0,0,-2406951.5,0,7.0,1,4873.5,0,9NA UNIDAD REGIONAL TEMUCO,1
586,0.0,2,0,679401.0,1,-277831.5,0,10.0,1,1568.0,1,SANTIAGO CENTRO,1
588,0.0,2,0,10850691.0,0,0.0,0,3.0,1,2325.5,0,SANTIAGO ORIENTE,2
589,0.0,2,0,0.0,1,794.5,0,1.0,1,3282.0,1,3RA UNIDAD REGIONAL ATACAMA,1
619,0.0,2,0,256267095.0,0,-724486185.5,0,135.0,1,5533.0,0,SANTIAGO ORIENTE,1
628,0.0,2,0,11803750.0,0,-9728000.0,0,42.0,0,855.0,1,SANTIAGO CENTRO,1
629,0.0,2,0,109215.0,1,64144.0,0,48.0,1,1300.0,0,1RA UNIDAD REGIONAL IQUIQUE,1
630,0.0,2,0,4317205.0,1,-2861218.5,0,13.0,1,,2,18VA UNIDAD REGIONAL ARICA Y PARINACOTA,1
722,0.0,2,0,39556.0,0,37450.0,0,8.0,1,11374.0,1,SANTIAGO CENTRO,1
554,2.316729216773697e-05,2,0,0.0,1,2815613.0,0,1.0,1,1102.0,1,6TA UNIDAD REGIONAL RANCAGUA,2
585,1.3195705912256936e-05,2,0,983211.0,0,76.0,0,1.0,1,457.0,1,9NA UNIDAD REGIONAL TEMUCO,1
627,1.30843200299662e-05,2,0,14384426.5,0,57680.5,0,38.0,1,5678.0,0,SANTIAGO ORIENTE,2
710,0.0,2,0,3591662.0,1,-1110571.0,0,6.0,1,4425.5,0,SANTIAGO ORIENTE,2
624,0.0,2,0,0.0,1,-14820.0,0,3.0,1,,2,7MA UNIDAD REGIONAL MAULE,1
711,0.0,2,0,109662.0,1,-202349.0,0,7.0,1,,2,1RA UNIDAD REGIONAL IQUIQUE,2
596,0.0004638514621652,2,0,282150.0,1,-110338.5,0,3.0,1,2043.0,1,2DA UNIDAD REGIONAL ANTOFAGASTA,2
580,0.00012214406381475,2,0,936149.5,0,-1864329.0,0,63.0,1,,2,5TA UNIDAD REGIONAL VALPARAISO,1
668,0.0001175415734878,2,0,0.0,1,1502068.5,0,13.0,1,2792.0,1,SANTIAGO CENTRO,1
587,6.026840728625e-05,2,0,29850.5,0,91852.0,0,1.0,1,893.5,0,SANTIAGO PONIENTE,1
561,3.091553089528177e-05,2,0,51898.0,0,9822.5,0,2.0,1,,2,10MA UNIDAD REGIONAL LOS LAGOS,2
648,3.055207919961814e-05,2,0,52528808.0,1,76121.0,0,37.0,1,2718.5,0,SANTIAGO ORIENTE,2
631,0.0,2,0,21761794.0,1,-14246757.5,0,29.0,1,7344.0,1,7MA UNIDAD REGIONAL MAULE,1
544,0.005337393559846949,2,0,5910.0,0,-1479559.0,0,9.5,0,1603.5,0,SANTIAGO CENTRO,2
574,0.0,2,0,748969.0,1,-488960.0,0,78.0,1,2220.5,0,SANTIAGO CENTRO,1
575,0.0,2,0,0.0,1,21303.0,0,1.0,1,2486.5,0,SANTIAGO CENTRO,2
576,0.0,2,0,2901082.0,0,-1037400.0,0,2.0,0,540.0,0,10MA UNIDAD REGIONAL LOS LAGOS,1
666,0.40559472374174277,2,0,1704296.0,1,232939.0,0,44.0,1,3135.0,1,SANTIAGO PONIENTE,1
572,0.0190563151198404,2,0,798589.5,0,365160.0,0,7.0,0,1467.5,0,5TA UNIDAD REGIONAL VALPARAISO,2
664,0.5,2,1,0.0,1,1167564.0,0,71.0,1,1558.0,0,5TA UNIDAD REGIONAL VALPARAISO,1
701,0.5,2,1,,2,-14575411.0,0,32.0,1,1516.5,0,4TA UNIDAD REGIONAL COQUIMBO,1
622,0.5,2,1,10279.0,1,-9468514.5,0,44.5,0,3785.0,0,SANTIAGO CENTRO,1
564,0.5,2,1,0.0,1,-17330774.0,0,32.5,0,893.0,0,SANTIAGO CENTRO,1
610,0.5,2,1,2282.5,0,-36021763.5,0,27.0,0,1765.0,0,SANTIAGO SUR,2
626,0.4516541363395188,2,0,7944103.0,1,886116.5,0,137.0,1,,2,SANTIAGO SUR,1
583,0.0,2,0,0.0,1,356927.5,0,10.0,1,1634.0,1,SANTIAGO ORIENTE,2
568,0.0,2,0,64600.0,1,-30405.0,0,3.0,1,2045.0,1,9NA UNIDAD REGIONAL TEMUCO,1
548,0.0,2,0,0.0,1,1995812.5,0,2.0,1,,2,5TA UNIDAD REGIONAL VALPARAISO,1
598,0.00207141299173635,2,0,52519.0,0,1148455.5,0,18.0,0,2550.0,0,SANTIAGO ORIENTE,2
558,0.0019605893730734,2,0,206057.0,1,-139371.5,0,13.0,1,2523.0,1,8VA UNIDAD REGIONAL BIO BIO,1
625,0.00122566781935905,2,0,47471.0,0,42803.0,0,9.0,1,1661.0,0,SANTIAGO CENTRO,1
590,0.0,2,0,8854024.0,1,-69714.0,0,10.0,1,640.0,1,21VA DIRECCION REGIONAL CHILLAN,1
591,0.0,2,0,363265.0,1,-114817.0,0,9.0,1,,2,5TA UNIDAD REGIONAL VALPARAISO,1
592,0.0,2,0,,2,1665.5,0,1.0,1,665.0,1,SANTIAGO CENTRO,1
593,0.0,2,0,215272.0,1,-204010.5,0,3.0,1,1651.0,1,6TA UNIDAD REGIONAL RANCAGUA,1
595,0.0,2,0,51602.5,0,43927.5,0,10.0,1,,2,8VA UNIDAD REGIONAL BIO BIO,2
597,0.0,2,0,10777.5,0,614034.5,0,1.0,1,1984.5,0,19NA UNIDAD REGIONAL DE LOS RIOS,1
599,0.0,2,0,0.0,1,2460330.0,0,197.0,1,2732.0,1,8VA UNIDAD REGIONAL BIO BIO,1
546,0.0,2,0,19160.0,1,481341.0,0,24.0,1,,2,3RA UNIDAD REGIONAL ATACAMA,1
739,0.0,1,0,73942.0,0,1299936.0,0,21.0,0,,1,8VA UNIDAD REGIONAL BIO BIO,1
742,0.0,1,0,1055717.0,0,-1166783.0,0,21.0,0,905.0,0,SANTIAGO SUR,1
741,0.0,1,0,161502.0,0,-161500.0,0,3.0,0,876.0,0,SANTIAGO ORIENTE,1
747,0.0,1,0,0.0,0,-45574.0,0,14.0,0,1452.0,0,10MA UNIDAD REGIONAL LOS LAGOS,1
746,0.0,1,0,137108.0,0,-219188.0,0,4.0,0,1037.0,0,SANTIAGO CENTRO,1
745,0.0,1,0,358859.0,0,-250559.0,0,5.0,0,1928.0,0,3RA UNIDAD REGIONAL ATACAMA,1
744,0.0,1,0,3301530.0,0,1329582.0,0,103.0,0,1736.0,0,SANTIAGO SUR,1
743,0.0,1,0,,1,1136200.0,0,1.0,0,2694.0,0,SANTIAGO CENTRO,1
740,0.0015533454583058,1,0,130181.0,0,-761759.0,0,5.0,0,,1,18VA UNIDAD REGIONAL ARICA Y PARINACOTA,1
737,0.0,1,0,190540.0,0,-187234.0,0,10.0,0,8091.0,0,5TA UNIDAD REGIONAL VALPARAISO,1
738,0.0,1,0,43478501.0,0,-152673782.0,0,64.0,0,3221.0,0,5TA UNIDAD REGIONAL VALPARAISO,1
